97462;93349;2023_7_18_527902;7;176.0;2023-07-18
12728;83242;2023_7_18_421818;7;248.0;2023-07-18
49343;83242;2023_7_18_698149;0;0.0;2023-07-18
16913;83242;2023_7_18_281945;1;43.0;2023-07-18
16913;32665;2023_7_18_420609;7;208.0;2023-07-18
16913;29187;2023_7_18_150562;8;247.0;2023-07-18
23331;93349;2023_7_18_231442;9;196.0;2023-07-18
23331;29187;2023_7_18_978386;1;50.0;2023-07-18
49343;93349;2023_7_18_520656;9;242.0;2023-07-18
16913;29187;2023_7_18_188529;4;81.0;2023-07-18
79127;24715;2023_7_18_333220;9;229.0;2023-07-18
79127;24715;2023_7_18_356728;2;79.0;2023-07-18
84200;24715;2023_7_18_318076;0;0.0;2023-07-18
16913;24715;2023_7_18_990104;5;172.0;2023-07-18
79127;93349;2023_7_18_910764;5;118.0;2023-07-18
39862;29187;2023_7_18_361728;6;155.0;2023-07-18
97462;24715;2023_7_18_341547;2;25.0;2023-07-18
23331;58218;2023_7_18_217531;6;154.0;2023-07-18
79127;29187;2023_7_18_244916;4;106.0;2023-07-18
16913;58218;2023_7_18_412794;3;93.0;2023-07-18
23331;83242;2023_7_18_290786;3;88.0;2023-07-18
16913;24715;2023_7_18_499455;6;178.0;2023-07-18
16913;58218;2023_7_18_134340;3;86.0;2023-07-18
97462;83242;2023_7_18_206695;9;296.0;2023-07-18
16913;24715;2023_7_18_260543;0;0.0;2023-07-18
16913;29187;2023_7_18_194959;4;105.0;2023-07-18
16913;24715;2023_7_18_886436;2;57.0;2023-07-18
97462;58218;2023_7_18_712564;6;250.0;2023-07-18
16913;93349;2023_7_18_664414;4;143.0;2023-07-18
49343;93349;2023_7_18_523682;5;73.0;2023-07-18
79127;24715;2023_7_18_397614;5;140.0;2023-07-18
97462;83242;2023_7_18_687463;5;171.0;2023-07-18
23331;24715;2023_7_18_999493;7;194.0;2023-07-18
16913;29187;2023_7_18_663450;7;151.0;2023-07-18
12728;93349;2023_7_18_848230;9;236.0;2023-07-18
23331;58218;2023_7_18_700303;9;241.0;2023-07-18
97462;24715;2023_7_18_248619;2;64.0;2023-07-18
23331;58218;2023_7_18_312403;9;211.0;2023-07-18
16913;93349;2023_7_18_269372;5;126.0;2023-07-18
12728;29187;2023_7_18_939563;9;168.0;2023-07-18
97462;29187;2023_7_18_498031;7;190.0;2023-07-18
16913;93349;2023_7_18_611685;4;149.0;2023-07-18
39862;24715;2023_7_18_793541;9;242.0;2023-07-18
84200;24715;2023_7_18_446835;4;149.0;2023-07-18
97462;24715;2023_7_18_746197;3;98.0;2023-07-18
16913;58218;2023_7_18_581190;0;0.0;2023-07-18
16913;83242;2023_7_18_859359;0;0.0;2023-07-18
39862;58218;2023_7_18_930073;7;184.0;2023-07-18
49343;29187;2023_7_18_543000;8;203.0;2023-07-18
97462;24715;2023_7_18_221209;7;196.0;2023-07-18
16913;83242;2023_7_18_437737;4;136.0;2023-07-18
16913;93349;2023_7_18_828975;1;3.0;2023-07-18
97462;32665;2023_7_18_565996;8;227.0;2023-07-18
79127;24715;2023_7_18_856087;1;25.0;2023-07-18
79127;93349;2023_7_18_898071;8;223.0;2023-07-18
39862;93349;2023_7_18_162001;8;186.0;2023-07-18
97462;29187;2023_7_18_404977;4;123.0;2023-07-18
97462;93349;2023_7_18_305368;3;59.0;2023-07-18
79127;24715;2023_7_18_822135;1;11.0;2023-07-18
97462;24715;2023_7_18_192576;4;90.0;2023-07-18
97462;93349;2023_7_18_696569;0;0.0;2023-07-18
39862;32665;2023_7_18_188070;7;222.0;2023-07-18
16913;24715;2023_7_18_932101;7;174.0;2023-07-18
16913;93349;2023_7_18_635650;1;43.0;2023-07-18
84200;58218;2023_7_18_618823;7;206.0;2023-07-18
16913;58218;2023_7_18_161409;1;3.0;2023-07-18
97462;29187;2023_7_18_898627;8;214.0;2023-07-18
39862;58218;2023_7_18_482718;4;86.0;2023-07-18
12728;83242;2023_7_18_189643;5;198.0;2023-07-18
16913;24715;2023_7_18_619201;3;60.0;2023-07-18
39862;32665;2023_7_18_699044;8;202.0;2023-07-18
79127;83242;2023_7_18_764338;4;136.0;2023-07-18
97462;93349;2023_7_18_702024;3;59.0;2023-07-18
16913;93349;2023_7_18_848400;4;103.0;2023-07-18
84200;24715;2023_7_18_180094;4;113.0;2023-07-18
84200;29187;2023_7_18_184006;3;67.0;2023-07-18
39862;32665;2023_7_18_289242;6;207.0;2023-07-18
39862;24715;2023_7_18_658648;4;64.0;2023-07-18
16913;29187;2023_7_18_911399;7;172.0;2023-07-18
97462;24715;2023_7_18_612873;7;173.0;2023-07-18
16913;83242;2023_7_18_558329;4;114.0;2023-07-18
39862;24715;2023_7_18_160427;8;167.0;2023-07-18
23331;29187;2023_7_18_588743;5;157.0;2023-07-18
16913;24715;2023_7_18_118208;6;176.0;2023-07-18
16913;29187;2023_7_18_317236;1;41.0;2023-07-18
39862;32665;2023_7_18_644139;4;149.0;2023-07-18
12728;24715;2023_7_18_189167;1;38.0;2023-07-18
23331;24715;2023_7_18_585042;6;211.0;2023-07-18
97462;32665;2023_7_18_276259;3;68.0;2023-07-18
97462;93349;2023_7_18_354797;2;31.0;2023-07-18
94465;24715;2023_7_18_635067;5;107.0;2023-07-18
97462;29187;2023_7_18_617397;4;123.0;2023-07-18
16913;93349;2023_7_18_775253;2;61.0;2023-07-18
79127;29187;2023_7_18_747480;0;0.0;2023-07-18
79127;32665;2023_7_18_425721;1;3.0;2023-07-18
97462;83242;2023_7_18_129631;6;171.0;2023-07-18
23331;24715;2023_7_18_945717;5;141.0;2023-07-18
97462;83242;2023_7_18_256258;8;190.0;2023-07-18
39862;32665;2023_7_18_772716;2;20.0;2023-07-18
16913;93349;2023_7_18_175831;6;108.0;2023-07-18
79127;58218;2023_7_18_493728;2;55.0;2023-07-18
97462;83242;2023_7_18_845819;3;101.0;2023-07-18
97462;93349;2023_7_18_435613;8;190.0;2023-07-18
16913;93349;2023_7_18_807348;3;98.0;2023-07-18
97462;24715;2023_7_18_832976;1;46.0;2023-07-18
84200;93349;2023_7_18_690563;5;98.0;2023-07-18
97462;24715;2023_7_18_601135;4;127.0;2023-07-18
97462;58218;2023_7_18_530858;4;114.0;2023-07-18
16913;24715;2023_7_18_351288;8;236.0;2023-07-18
39862;93349;2023_7_18_663152;5;79.0;2023-07-18
79127;24715;2023_7_18_226754;6;176.0;2023-07-18
23331;58218;2023_7_18_191273;4;130.0;2023-07-18
97462;32665;2023_7_18_878298;1;41.0;2023-07-18
49343;32665;2023_7_18_577550;8;171.0;2023-07-18
94465;93349;2023_7_18_717665;4;124.0;2023-07-18
49343;93349;2023_7_18_981463;6;173.0;2023-07-18
49343;93349;2023_7_18_318263;5;151.0;2023-07-18
79127;83242;2023_7_18_146751;3;46.0;2023-07-18
12728;93349;2023_7_18_591438;0;0.0;2023-07-18
79127;83242;2023_7_18_937762;7;174.0;2023-07-18
49343;32665;2023_7_18_440141;0;0.0;2023-07-18
23331;29187;2023_7_18_197332;5;151.0;2023-07-18
97462;29187;2023_7_18_339246;4;53.0;2023-07-18
84200;93349;2023_7_18_226307;8;198.0;2023-07-18
84200;24715;2023_7_18_148010;1;9.0;2023-07-18
97462;83242;2023_7_18_936101;8;247.0;2023-07-18
94465;58218;2023_7_18_131979;8;235.0;2023-07-18
84200;83242;2023_7_18_677816;0;0.0;2023-07-18
84200;83242;2023_7_18_140936;2;93.0;2023-07-18
97462;29187;2023_7_18_928658;0;0.0;2023-07-18
97462;93349;2023_7_18_836942;7;238.0;2023-07-18
16913;58218;2023_7_18_357078;6;56.0;2023-07-18
39862;32665;2023_7_18_241079;1;43.0;2023-07-18
97462;58218;2023_7_18_180003;2;53.0;2023-07-18
94465;93349;2023_7_18_160794;9;340.0;2023-07-18
16913;93349;2023_7_18_394213;8;252.0;2023-07-18
16913;24715;2023_7_18_381060;8;166.0;2023-07-18
16913;83242;2023_7_18_377595;6;170.0;2023-07-18
49343;32665;2023_7_18_329961;2;33.0;2023-07-18
23331;93349;2023_7_18_988871;7;166.0;2023-07-18
79127;29187;2023_7_18_170533;7;114.0;2023-07-18
97462;83242;2023_7_18_467589;4;138.0;2023-07-18
16913;83242;2023_7_18_315128;6;105.0;2023-07-18
16913;93349;2023_7_18_960363;4;117.0;2023-07-18
16913;83242;2023_7_18_454336;1;43.0;2023-07-18
49343;24715;2023_7_18_523896;5;124.0;2023-07-18
97462;29187;2023_7_18_999996;5;134.0;2023-07-18
16913;83242;2023_7_18_667623;1;22.0;2023-07-18
16913;24715;2023_7_18_491601;1;3.0;2023-07-18
97462;93349;2023_7_18_609935;8;228.0;2023-07-18
97462;32665;2023_7_18_600801;6;153.0;2023-07-18
16913;24715;2023_7_18_353453;7;209.0;2023-07-18
84200;93349;2023_7_18_679588;4;129.0;2023-07-18
23331;24715;2023_7_18_416908;1;38.0;2023-07-18
23331;83242;2023_7_18_497052;7;231.0;2023-07-18
84200;58218;2023_7_18_604437;5;138.0;2023-07-18
39862;32665;2023_7_18_187577;4;120.0;2023-07-18
16913;58218;2023_7_18_394737;4;91.0;2023-07-18
79127;93349;2023_7_18_700071;2;50.0;2023-07-18
79127;32665;2023_7_18_358045;2;95.0;2023-07-18
97462;58218;2023_7_18_771831;2;78.0;2023-07-18
79127;58218;2023_7_18_246822;1;37.0;2023-07-18
16913;93349;2023_7_18_183579;4;118.0;2023-07-18
97462;24715;2023_7_18_663648;8;218.0;2023-07-18
39862;24715;2023_7_18_320972;3;55.0;2023-07-18
16913;83242;2023_7_18_874940;4;78.0;2023-07-18
97462;24715;2023_7_18_480865;1;15.0;2023-07-18
49343;58218;2023_7_18_568022;4;124.0;2023-07-18
84200;93349;2023_7_18_147939;0;0.0;2023-07-18
16913;58218;2023_7_18_958420;6;209.0;2023-07-18
16913;58218;2023_7_18_399223;7;187.0;2023-07-18
97462;32665;2023_7_18_890585;7;222.0;2023-07-18
23331;32665;2023_7_18_315224;3;98.0;2023-07-18
16913;29187;2023_7_18_475074;3;60.0;2023-07-18
23331;29187;2023_7_18_815841;3;108.0;2023-07-18
97462;32665;2023_7_18_606522;6;153.0;2023-07-18
39862;58218;2023_7_18_950954;2;39.0;2023-07-18
79127;58218;2023_7_18_276839;3;86.0;2023-07-18
12728;58218;2023_7_18_511999;5;198.0;2023-07-18
16913;93349;2023_7_18_651873;4;83.0;2023-07-18
49343;58218;2023_7_18_868095;0;0.0;2023-07-18
12728;32665;2023_7_18_536234;8;171.0;2023-07-18
39862;93349;2023_7_18_571997;2;61.0;2023-07-18
16913;93349;2023_7_18_925973;7;220.0;2023-07-18
49343;32665;2023_7_18_565945;6;163.0;2023-07-18
39862;83242;2023_7_18_113007;6;130.0;2023-07-18
23331;24715;2023_7_18_933856;4;118.0;2023-07-18
79127;93349;2023_7_18_791983;2;56.0;2023-07-18
16913;29187;2023_7_18_628397;7;130.0;2023-07-18
97462;93349;2023_7_18_139605;0;0.0;2023-07-18
97462;24715;2023_7_18_211130;3;35.0;2023-07-18
97462;93349;2023_7_18_977830;1;17.0;2023-07-18
16913;32665;2023_7_18_942881;9;245.0;2023-07-18
97462;93349;2023_7_18_334994;3;119.0;2023-07-18
97462;32665;2023_7_18_914417;7;180.0;2023-07-18
12728;29187;2023_7_18_192616;1;25.0;2023-07-18
97462;93349;2023_7_18_181795;1;28.0;2023-07-18
39862;24715;2023_7_18_358121;7;196.0;2023-07-18
97462;93349;2023_7_18_384900;1;11.0;2023-07-18
97462;32665;2023_7_18_637352;1;32.0;2023-07-18
39862;32665;2023_7_18_463850;1;25.0;2023-07-18
16913;24715;2023_7_18_533694;0;0.0;2023-07-18
16913;24715;2023_7_18_216086;0;0.0;2023-07-18
79127;29187;2023_7_18_459820;8;272.0;2023-07-18
16913;32665;2023_7_18_915206;5;145.0;2023-07-18
12728;93349;2023_7_18_190397;1;32.0;2023-07-18
16913;24715;2023_7_18_523805;1;18.0;2023-07-18
16913;32665;2023_7_18_620477;2;47.0;2023-07-18
97462;32665;2023_7_18_606278;3;45.0;2023-07-18
39862;32665;2023_7_18_512175;6;155.0;2023-07-18
97462;93349;2023_7_18_298886;5;140.0;2023-07-18
94465;83242;2023_7_18_148092;6;84.0;2023-07-18
16913;29187;2023_7_18_912309;8;240.0;2023-07-18
23331;24715;2023_7_18_823234;8;225.0;2023-07-18
97462;93349;2023_7_18_720469;3;83.0;2023-07-18
23331;58218;2023_7_18_625455;4;113.0;2023-07-18
94465;58218;2023_7_18_465416;2;66.0;2023-07-18
16913;24715;2023_7_18_224504;7;189.0;2023-07-18
16913;32665;2023_7_18_683823;8;216.0;2023-07-18
97462;58218;2023_7_18_537672;2;53.0;2023-07-18
79127;24715;2023_7_18_776225;1;36.0;2023-07-18
97462;83242;2023_7_18_393607;4;58.0;2023-07-18
97462;24715;2023_7_18_274019;4;92.0;2023-07-18
23331;83242;2023_7_18_866716;4;59.0;2023-07-18
49343;32665;2023_7_18_211853;5;78.0;2023-07-18
16913;83242;2023_7_18_213850;4;167.0;2023-07-18
12728;93349;2023_7_18_414143;1;34.0;2023-07-18
16913;29187;2023_7_18_533870;1;46.0;2023-07-18
16913;93349;2023_7_18_173425;8;188.0;2023-07-18
23331;29187;2023_7_18_777566;2;21.0;2023-07-18
39862;24715;2023_7_18_627747;1;43.0;2023-07-18
84200;83242;2023_7_18_398690;1;3.0;2023-07-18
16913;93349;2023_7_18_672749;6;96.0;2023-07-18
84200;29187;2023_7_18_309563;4;128.0;2023-07-18
84200;83242;2023_7_18_449900;5;72.0;2023-07-18
79127;29187;2023_7_18_343068;8;251.0;2023-07-18
94465;83242;2023_7_18_652631;0;0.0;2023-07-18
39862;83242;2023_7_18_582173;4;109.0;2023-07-18
97462;29187;2023_7_18_924492;6;212.0;2023-07-18
16913;24715;2023_7_18_275839;0;0.0;2023-07-18
16913;32665;2023_7_18_577047;2;40.0;2023-07-18
16913;32665;2023_7_18_202947;3;127.0;2023-07-18
16913;93349;2023_7_18_510194;2;93.0;2023-07-18
23331;83242;2023_7_18_600985;5;151.0;2023-07-18
16913;32665;2023_7_18_853251;8;191.0;2023-07-18
16913;93349;2023_7_18_262046;9;198.0;2023-07-18
79127;83242;2023_7_18_734754;3;110.0;2023-07-18
16913;58218;2023_7_18_447213;8;204.0;2023-07-18
23331;24715;2023_7_18_522744;1;39.0;2023-07-18
97462;83242;2023_7_18_334414;3;129.0;2023-07-18
97462;93349;2023_7_18_544297;6;169.0;2023-07-18
12728;29187;2023_7_18_476128;0;0.0;2023-07-18
16913;32665;2023_7_18_235983;6;163.0;2023-07-18
97462;93349;2023_7_18_476272;6;164.0;2023-07-18
23331;29187;2023_7_18_783242;7;249.0;2023-07-18
16913;58218;2023_7_18_458244;4;68.0;2023-07-18
16913;24715;2023_7_18_610609;0;0.0;2023-07-18
97462;83242;2023_7_18_302592;6;183.0;2023-07-18
12728;32665;2023_7_18_123421;6;120.0;2023-07-18
12728;24715;2023_7_18_291663;9;205.0;2023-07-18
97462;58218;2023_7_18_715930;0;0.0;2023-07-18
23331;83242;2023_7_18_146558;2;24.0;2023-07-18
16913;24715;2023_7_18_908155;6;166.0;2023-07-18
16913;24715;2023_7_18_531834;0;0.0;2023-07-18
23331;58218;2023_7_18_273540;7;180.0;2023-07-18
49343;29187;2023_7_18_621357;0;0.0;2023-07-18
94465;24715;2023_7_18_671597;6;120.0;2023-07-18
39862;24715;2023_7_18_214244;2;73.0;2023-07-18
97462;32665;2023_7_18_127567;6;162.0;2023-07-18
97462;32665;2023_7_18_771847;2;81.0;2023-07-18
39862;24715;2023_7_18_893315;2;33.0;2023-07-18
16913;24715;2023_7_18_367122;7;115.0;2023-07-18
39862;93349;2023_7_18_843997;4;96.0;2023-07-18
23331;93349;2023_7_18_298488;3;85.0;2023-07-18
97462;58218;2023_7_18_207018;5;76.0;2023-07-18
16913;93349;2023_7_18_243695;2;31.0;2023-07-18
97462;58218;2023_7_18_862063;5;76.0;2023-07-18
16913;32665;2023_7_18_837584;7;142.0;2023-07-18
84200;93349;2023_7_18_809807;5;111.0;2023-07-18
39862;93349;2023_7_18_929446;4;90.0;2023-07-18
16913;32665;2023_7_18_789308;0;0.0;2023-07-18
97462;93349;2023_7_18_525726;8;150.0;2023-07-18
97462;24715;2023_7_18_139239;2;60.0;2023-07-18
23331;93349;2023_7_18_597483;5;148.0;2023-07-18
79127;24715;2023_7_18_499436;5;78.0;2023-07-18
97462;93349;2023_7_18_172398;2;48.0;2023-07-18
94465;29187;2023_7_18_187961;4;100.0;2023-07-18
16913;93349;2023_7_18_538366;3;127.0;2023-07-18
16913;32665;2023_7_18_476910;8;172.0;2023-07-18
49343;24715;2023_7_18_846881;6;186.0;2023-07-18
97462;32665;2023_7_18_305920;4;96.0;2023-07-18
97462;24715;2023_7_18_546130;3;56.0;2023-07-18
39862;93349;2023_7_18_943121;3;106.0;2023-07-18
84200;93349;2023_7_18_490271;8;247.0;2023-07-18
16913;83242;2023_7_18_283780;1;28.0;2023-07-18
79127;32665;2023_7_18_147470;0;0.0;2023-07-18
97462;93349;2023_7_18_697097;6;174.0;2023-07-18
16913;32665;2023_7_18_774309;7;257.0;2023-07-18
79127;32665;2023_7_18_421087;7;165.0;2023-07-18
97462;29187;2023_7_18_170830;5;68.0;2023-07-18
97462;93349;2023_7_18_366325;6;166.0;2023-07-18
23331;32665;2023_7_18_317756;7;173.0;2023-07-18
16913;24715;2023_7_18_734779;0;0.0;2023-07-18
16913;24715;2023_7_18_708150;3;67.0;2023-07-18
79127;32665;2023_7_18_145015;5;168.0;2023-07-18
39862;29187;2023_7_18_380375;0;0.0;2023-07-18
16913;58218;2023_7_18_883025;2;50.0;2023-07-18
16913;32665;2023_7_18_891113;8;262.0;2023-07-18
97462;83242;2023_7_18_767542;5;122.0;2023-07-18
16913;58218;2023_7_18_637549;5;103.0;2023-07-18
97462;24715;2023_7_18_740329;4;110.0;2023-07-18
97462;32665;2023_7_18_360535;2;59.0;2023-07-18
16913;93349;2023_7_18_412284;3;35.0;2023-07-18
94465;93349;2023_7_18_741928;3;105.0;2023-07-18
16913;24715;2023_7_18_692268;6;144.0;2023-07-18
84200;29187;2023_7_18_739356;2;71.0;2023-07-18
97462;24715;2023_7_18_570371;5;177.0;2023-07-18
16913;32665;2023_7_18_899067;8;151.0;2023-07-18
16913;93349;2023_7_18_639345;2;69.0;2023-07-18
97462;32665;2023_7_18_875688;8;205.0;2023-07-18
16913;32665;2023_7_18_487893;3;97.0;2023-07-18
84200;29187;2023_7_18_507647;4;153.0;2023-07-18
97462;93349;2023_7_18_106765;6;230.0;2023-07-18
97462;24715;2023_7_18_850010;3;57.0;2023-07-18
16913;58218;2023_7_18_534137;7;114.0;2023-07-18
97462;24715;2023_7_18_598263;5;138.0;2023-07-18
16913;29187;2023_7_18_270107;9;199.0;2023-07-18
16913;93349;2023_7_18_618162;3;29.0;2023-07-18
79127;58218;2023_7_18_782189;4;116.0;2023-07-18
97462;32665;2023_7_18_171342;1;17.0;2023-07-18
97462;24715;2023_7_18_297280;8;202.0;2023-07-18
94465;32665;2023_7_18_532208;4;117.0;2023-07-18
39862;83242;2023_7_18_559537;6;181.0;2023-07-18
94465;83242;2023_7_18_839554;9;249.0;2023-07-18
97462;24715;2023_7_18_295714;7;186.0;2023-07-18
49343;29187;2023_7_18_473939;1;43.0;2023-07-18
97462;83242;2023_7_18_905369;7;195.0;2023-07-18
39862;29187;2023_7_18_695038;1;28.0;2023-07-18
39862;93349;2023_7_18_944046;8;219.0;2023-07-18
16913;58218;2023_7_18_710017;6;175.0;2023-07-18
97462;93349;2023_7_18_509450;6;187.0;2023-07-18
16913;29187;2023_7_18_457841;6;215.0;2023-07-18
39862;24715;2023_7_18_905918;7;234.0;2023-07-18
16913;93349;2023_7_18_299895;2;60.0;2023-07-18
16913;32665;2023_7_18_337896;2;13.0;2023-07-18
16913;32665;2023_7_18_390559;4;104.0;2023-07-18
97462;58218;2023_7_18_620405;6;132.0;2023-07-18
23331;24715;2023_7_18_900615;2;76.0;2023-07-18
39862;24715;2023_7_18_367904;1;18.0;2023-07-18
94465;58218;2023_7_18_150415;4;111.0;2023-07-18
97462;29187;2023_7_18_306035;1;9.0;2023-07-18
79127;83242;2023_7_18_741556;1;28.0;2023-07-18
16913;58218;2023_7_18_283516;9;257.0;2023-07-18
16913;58218;2023_7_18_621667;3;90.0;2023-07-18
39862;93349;2023_7_18_850015;1;3.0;2023-07-18
39862;83242;2023_7_18_401173;0;0.0;2023-07-18
39862;32665;2023_7_18_259522;9;172.0;2023-07-18
94465;24715;2023_7_18_678508;3;102.0;2023-07-18
39862;58218;2023_7_18_553332;9;232.0;2023-07-18
12728;93349;2023_7_18_843342;3;103.0;2023-07-18
97462;58218;2023_7_18_487192;4;98.0;2023-07-18
39862;32665;2023_7_18_327930;2;24.0;2023-07-18
84200;32665;2023_7_18_516995;7;205.0;2023-07-18
16913;24715;2023_7_18_659636;2;45.0;2023-07-18
12728;32665;2023_7_18_848470;7;194.0;2023-07-18
23331;58218;2023_7_18_608892;1;22.0;2023-07-18
39862;93349;2023_7_18_382652;5;143.0;2023-07-18
39862;58218;2023_7_18_108522;6;178.0;2023-07-18
79127;58218;2023_7_18_348104;4;148.0;2023-07-18
49343;32665;2023_7_18_747716;1;7.0;2023-07-18
16913;93349;2023_7_18_642411;1;37.0;2023-07-18
97462;93349;2023_7_18_896062;6;125.0;2023-07-18
97462;24715;2023_7_18_875503;1;43.0;2023-07-18
16913;32665;2023_7_18_675896;8;139.0;2023-07-18
97462;32665;2023_7_18_637189;9;259.0;2023-07-18
97462;83242;2023_7_18_761557;0;0.0;2023-07-18
16913;58218;2023_7_18_412973;6;213.0;2023-07-18
79127;32665;2023_7_18_833483;3;99.0;2023-07-18
16913;58218;2023_7_18_788760;1;16.0;2023-07-18
97462;29187;2023_7_18_905020;0;0.0;2023-07-18
97462;32665;2023_7_18_608103;9;320.0;2023-07-18
97462;24715;2023_7_18_727904;6;179.0;2023-07-18
39862;29187;2023_7_18_874463;9;320.0;2023-07-18
23331;32665;2023_7_18_883544;7;219.0;2023-07-18
49343;93349;2023_7_18_143910;0;0.0;2023-07-18
94465;93349;2023_7_18_109402;4;115.0;2023-07-18
97462;93349;2023_7_18_185940;2;76.0;2023-07-18
97462;58218;2023_7_18_969195;6;172.0;2023-07-18
97462;83242;2023_7_18_381334;0;0.0;2023-07-18
79127;29187;2023_7_18_385145;7;264.0;2023-07-18
94465;93349;2023_7_18_398752;1;31.0;2023-07-18
16913;29187;2023_7_18_388650;9;237.0;2023-07-18
94465;32665;2023_7_18_308388;5;159.0;2023-07-18
97462;29187;2023_7_18_964386;9;245.0;2023-07-18
79127;93349;2023_7_18_241881;2;35.0;2023-07-18
16913;24715;2023_7_18_957906;2;40.0;2023-07-18
23331;32665;2023_7_18_750858;1;31.0;2023-07-18
16913;58218;2023_7_18_329149;6;162.0;2023-07-18
23331;58218;2023_7_18_320776;2;68.0;2023-07-18
39862;24715;2023_7_18_612310;7;234.0;2023-07-18
12728;24715;2023_7_18_895238;1;50.0;2023-07-18
12728;58218;2023_7_18_343877;1;10.0;2023-07-18
97462;93349;2023_7_18_826330;2;29.0;2023-07-18
97462;58218;2023_7_18_806516;5;106.0;2023-07-18
97462;32665;2023_7_18_353418;1;11.0;2023-07-18
16913;93349;2023_7_18_415091;0;0.0;2023-07-18
39862;93349;2023_7_18_537669;6;159.0;2023-07-18
16913;58218;2023_7_18_777145;3;76.0;2023-07-18
16913;93349;2023_7_18_293066;6;107.0;2023-07-18
84200;24715;2023_7_18_830923;5;141.0;2023-07-18
39862;24715;2023_7_18_849533;6;120.0;2023-07-18
97462;58218;2023_7_18_433191;6;148.0;2023-07-18
97462;58218;2023_7_18_540317;2;49.0;2023-07-18
12728;93349;2023_7_18_309551;2;55.0;2023-07-18
23331;93349;2023_7_18_485380;1;17.0;2023-07-18
39862;29187;2023_7_18_174249;7;227.0;2023-07-18
16913;24715;2023_7_18_852469;1;11.0;2023-07-18
23331;32665;2023_7_18_460267;8;208.0;2023-07-18
23331;58218;2023_7_18_191045;8;168.0;2023-07-18
16913;24715;2023_7_18_156756;4;98.0;2023-07-18
12728;29187;2023_7_18_813714;6;160.0;2023-07-18
23331;83242;2023_7_18_517338;0;0.0;2023-07-18
16913;29187;2023_7_18_207178;1;37.0;2023-07-18
49343;93349;2023_7_18_765814;6;144.0;2023-07-18
79127;32665;2023_7_18_319801;0;0.0;2023-07-18
94465;93349;2023_7_18_414960;9;185.0;2023-07-18
16913;29187;2023_7_18_708854;6;198.0;2023-07-18
16913;24715;2023_7_18_576311;4;101.0;2023-07-18
84200;83242;2023_7_18_464994;4;150.0;2023-07-18
97462;93349;2023_7_18_608072;0;0.0;2023-07-18
49343;83242;2023_7_18_437544;0;0.0;2023-07-18
79127;58218;2023_7_18_581376;6;147.0;2023-07-18
16913;58218;2023_7_18_951317;7;259.0;2023-07-18
16913;24715;2023_7_18_782776;4;76.0;2023-07-18
16913;24715;2023_7_18_601952;0;0.0;2023-07-18
16913;83242;2023_7_18_837810;7;239.0;2023-07-18
79127;83242;2023_7_18_738827;6;143.0;2023-07-18
39862;29187;2023_7_18_814103;6;106.0;2023-07-18
16913;29187;2023_7_18_258150;1;2.0;2023-07-18
97462;24715;2023_7_18_829295;9;184.0;2023-07-18
16913;32665;2023_7_18_924550;1;50.0;2023-07-18
16913;93349;2023_7_18_815202;4;80.0;2023-07-18
23331;58218;2023_7_18_170995;1;41.0;2023-07-18
49343;32665;2023_7_18_125373;6;135.0;2023-07-18
16913;83242;2023_7_18_908636;4;91.0;2023-07-18
16913;24715;2023_7_18_419359;1;10.0;2023-07-18
16913;24715;2023_7_18_108301;2;76.0;2023-07-18
84200;58218;2023_7_18_255333;5;127.0;2023-07-18
94465;32665;2023_7_18_395890;5;108.0;2023-07-18
16913;24715;2023_7_18_987489;1;20.0;2023-07-18
16913;24715;2023_7_18_144507;0;0.0;2023-07-18
84200;83242;2023_7_18_102322;7;202.0;2023-07-18
16913;29187;2023_7_18_348442;0;0.0;2023-07-18
39862;24715;2023_7_18_295351;5;152.0;2023-07-18
12728;32665;2023_7_18_339072;2;23.0;2023-07-18
94465;93349;2023_7_18_775195;7;184.0;2023-07-18
16913;32665;2023_7_18_281763;3;54.0;2023-07-18
23331;32665;2023_7_18_335000;3;118.0;2023-07-18
16913;93349;2023_7_18_397817;8;228.0;2023-07-18
97462;83242;2023_7_18_466977;7;198.0;2023-07-18
97462;24715;2023_7_18_860612;5;188.0;2023-07-18
16913;58218;2023_7_18_652665;4;77.0;2023-07-18
12728;83242;2023_7_18_714936;6;116.0;2023-07-18
79127;29187;2023_7_18_540621;8;270.0;2023-07-18
16913;93349;2023_7_18_740159;4;86.0;2023-07-18
84200;83242;2023_7_18_503855;6;121.0;2023-07-18
16913;83242;2023_7_18_235670;4;90.0;2023-07-18
97462;29187;2023_7_18_400140;8;218.0;2023-07-18
16913;29187;2023_7_18_598213;7;133.0;2023-07-18
79127;32665;2023_7_18_315513;8;179.0;2023-07-18
16913;58218;2023_7_18_646349;7;188.0;2023-07-18
16913;32665;2023_7_18_570289;2;35.0;2023-07-18
16913;93349;2023_7_18_827377;3;84.0;2023-07-18
16913;83242;2023_7_18_147259;3;53.0;2023-07-18
16913;93349;2023_7_18_125450;3;78.0;2023-07-18
16913;93349;2023_7_18_364520;6;147.0;2023-07-18
97462;24715;2023_7_18_882696;0;0.0;2023-07-18
79127;29187;2023_7_18_860418;4;113.0;2023-07-18
97462;93349;2023_7_18_881864;8;174.0;2023-07-18
16913;93349;2023_7_18_938106;0;0.0;2023-07-18
97462;32665;2023_7_18_668117;4;55.0;2023-07-18
39862;58218;2023_7_18_471199;0;0.0;2023-07-18
97462;93349;2023_7_18_866464;5;152.0;2023-07-18
97462;24715;2023_7_18_756534;5;105.0;2023-07-18
16913;93349;2023_7_18_722321;8;204.0;2023-07-18
39862;93349;2023_7_18_771507;6;136.0;2023-07-18
97462;58218;2023_7_18_429638;9;255.0;2023-07-18
97462;29187;2023_7_18_304171;7;226.0;2023-07-18
12728;83242;2023_7_18_576573;2;52.0;2023-07-18
97462;58218;2023_7_18_292201;5;131.0;2023-07-18
16913;24715;2023_7_18_320992;1;37.0;2023-07-18
94465;58218;2023_7_18_613229;3;68.0;2023-07-18
79127;83242;2023_7_18_108461;1;35.0;2023-07-18
79127;93349;2023_7_18_975546;4;76.0;2023-07-18
16913;32665;2023_7_18_571167;9;225.0;2023-07-18
23331;58218;2023_7_18_658875;1;22.0;2023-07-18
16913;93349;2023_7_18_922340;4;131.0;2023-07-18
79127;58218;2023_7_18_341551;0;0.0;2023-07-18
16913;24715;2023_7_18_233128;7;214.0;2023-07-18
97462;58218;2023_7_18_242924;3;57.0;2023-07-18
94465;24715;2023_7_18_769053;2;6.0;2023-07-18
16913;83242;2023_7_18_597049;3;114.0;2023-07-18
16913;93349;2023_7_18_217378;0;0.0;2023-07-18
16913;93349;2023_7_18_349757;4;128.0;2023-07-18
97462;29187;2023_7_18_597530;3;72.0;2023-07-18
39862;24715;2023_7_18_486913;2;51.0;2023-07-18
23331;29187;2023_7_18_242713;7;223.0;2023-07-18
84200;24715;2023_7_18_591170;3;71.0;2023-07-18
79127;58218;2023_7_18_717899;9;247.0;2023-07-18
97462;83242;2023_7_18_171745;4;88.0;2023-07-18
16913;93349;2023_7_18_510556;1;25.0;2023-07-18
97462;93349;2023_7_18_521394;7;170.0;2023-07-18
94465;32665;2023_7_18_273472;5;179.0;2023-07-18
16913;32665;2023_7_18_595379;1;3.0;2023-07-18
16913;83242;2023_7_18_699188;5;76.0;2023-07-18
97462;58218;2023_7_18_691821;1;22.0;2023-07-18
97462;93349;2023_7_18_387637;5;153.0;2023-07-18
16913;83242;2023_7_18_184687;3;67.0;2023-07-18
97462;29187;2023_7_18_246712;7;212.0;2023-07-18
16913;24715;2023_7_18_397394;6;98.0;2023-07-18
97462;58218;2023_7_18_679345;1;31.0;2023-07-18
39862;58218;2023_7_18_552800;5;91.0;2023-07-18
39862;58218;2023_7_18_975507;6;126.0;2023-07-18
79127;32665;2023_7_18_276419;0;0.0;2023-07-18
16913;29187;2023_7_18_933164;4;75.0;2023-07-18
97462;24715;2023_7_18_760078;4;78.0;2023-07-18
23331;83242;2023_7_18_386929;7;164.0;2023-07-18
97462;24715;2023_7_18_562479;4;119.0;2023-07-18
16913;32665;2023_7_18_202507;7;142.0;2023-07-18
16913;93349;2023_7_18_608196;2;50.0;2023-07-18
16913;93349;2023_7_18_845471;8;154.0;2023-07-18
16913;93349;2023_7_18_659390;2;39.0;2023-07-18
12728;29187;2023_7_18_431140;1;11.0;2023-07-18
79127;24715;2023_7_18_352690;6;147.0;2023-07-18
97462;83242;2023_7_18_115647;5;85.0;2023-07-18
16913;24715;2023_7_18_163449;1;9.0;2023-07-18
97462;24715;2023_7_18_679034;5;162.0;2023-07-18
16913;83242;2023_7_18_621094;4;125.0;2023-07-18
16913;58218;2023_7_18_482728;1;9.0;2023-07-18
94465;93349;2023_7_18_828167;2;74.0;2023-07-18
97462;83242;2023_7_18_479305;0;0.0;2023-07-18
97462;93349;2023_7_18_727019;8;201.0;2023-07-18
97462;58218;2023_7_18_151910;8;173.0;2023-07-18
84200;58218;2023_7_18_803848;5;176.0;2023-07-18
49343;93349;2023_7_18_447255;9;283.0;2023-07-18
97462;24715;2023_7_18_670507;4;101.0;2023-07-18
16913;83242;2023_7_18_825795;7;227.0;2023-07-18
23331;29187;2023_7_18_326637;0;0.0;2023-07-18
79127;24715;2023_7_18_710823;5;118.0;2023-07-18
16913;83242;2023_7_18_224964;5;196.0;2023-07-18
23331;24715;2023_7_18_441387;6;132.0;2023-07-18
84200;24715;2023_7_18_260376;6;124.0;2023-07-18
12728;83242;2023_7_18_874393;8;186.0;2023-07-18
16913;32665;2023_7_18_793630;8;158.0;2023-07-18
97462;24715;2023_7_18_704922;2;56.0;2023-07-18
79127;32665;2023_7_18_385297;5;129.0;2023-07-18
16913;58218;2023_7_18_237923;6;166.0;2023-07-18
16913;32665;2023_7_18_297866;6;179.0;2023-07-18
97462;58218;2023_7_18_817134;3;44.0;2023-07-18
97462;93349;2023_7_18_826953;9;285.0;2023-07-18
84200;24715;2023_7_18_584291;6;202.0;2023-07-18
94465;58218;2023_7_18_991813;7;208.0;2023-07-18
79127;24715;2023_7_18_560215;5;167.0;2023-07-18
16913;58218;2023_7_18_221965;1;9.0;2023-07-18
84200;93349;2023_7_18_421913;7;160.0;2023-07-18
97462;29187;2023_7_18_638618;0;0.0;2023-07-18
16913;93349;2023_7_18_407968;6;162.0;2023-07-18
97462;58218;2023_7_18_831320;1;36.0;2023-07-18
16913;58218;2023_7_18_371676;3;51.0;2023-07-18
97462;29187;2023_7_18_170280;6;158.0;2023-07-18
39862;24715;2023_7_18_790304;4;145.0;2023-07-18
16913;83242;2023_7_18_960942;6;99.0;2023-07-18
79127;58218;2023_7_18_950171;2;64.0;2023-07-18
16913;24715;2023_7_18_374169;8;242.0;2023-07-18
16913;83242;2023_7_18_167482;8;243.0;2023-07-18
16913;32665;2023_7_18_162680;7;127.0;2023-07-18
16913;32665;2023_7_18_249264;1;11.0;2023-07-18
97462;29187;2023_7_18_896683;0;0.0;2023-07-18
39862;29187;2023_7_18_452382;2;57.0;2023-07-18
79127;32665;2023_7_18_950065;8;275.0;2023-07-18
12728;93349;2023_7_18_479286;3;38.0;2023-07-18
16913;24715;2023_7_18_770516;1;31.0;2023-07-18
94465;58218;2023_7_18_921013;1;43.0;2023-07-18
97462;29187;2023_7_18_667283;8;233.0;2023-07-18
16913;29187;2023_7_18_278135;2;52.0;2023-07-18
16913;58218;2023_7_18_881584;8;185.0;2023-07-18
97462;32665;2023_7_18_688536;3;71.0;2023-07-18
79127;93349;2023_7_18_135297;1;17.0;2023-07-18
23331;93349;2023_7_18_635763;7;166.0;2023-07-18
16913;93349;2023_7_18_905161;0;0.0;2023-07-18
16913;32665;2023_7_18_177460;5;162.0;2023-07-18
97462;93349;2023_7_18_794965;7;203.0;2023-07-18
79127;32665;2023_7_18_471721;6;153.0;2023-07-18
16913;93349;2023_7_18_842220;4;137.0;2023-07-18
16913;24715;2023_7_18_589569;3;41.0;2023-07-18
79127;93349;2023_7_18_800466;0;0.0;2023-07-18
16913;32665;2023_7_18_838795;2;90.0;2023-07-18
97462;58218;2023_7_18_380606;2;75.0;2023-07-18
16913;93349;2023_7_18_863171;8;268.0;2023-07-18
97462;58218;2023_7_18_807992;6;134.0;2023-07-18
97462;32665;2023_7_18_679538;2;52.0;2023-07-18
94465;58218;2023_7_18_912466;8;181.0;2023-07-18
97462;93349;2023_7_18_367475;1;38.0;2023-07-18
16913;93349;2023_7_18_373229;1;9.0;2023-07-18
97462;83242;2023_7_18_265918;3;48.0;2023-07-18
16913;32665;2023_7_18_294871;0;0.0;2023-07-18
97462;93349;2023_7_18_898182;7;228.0;2023-07-18
12728;93349;2023_7_18_317256;3;86.0;2023-07-18
39862;83242;2023_7_18_444345;9;281.0;2023-07-18
84200;93349;2023_7_18_596162;2;31.0;2023-07-18
16913;24715;2023_7_18_678908;0;0.0;2023-07-18
97462;58218;2023_7_18_469607;6;158.0;2023-07-18
23331;83242;2023_7_18_375031;9;292.0;2023-07-18
39862;24715;2023_7_18_915739;6;198.0;2023-07-18
16913;83242;2023_7_18_971949;6;183.0;2023-07-18
16913;58218;2023_7_18_426096;3;69.0;2023-07-18
12728;24715;2023_7_18_761331;3;70.0;2023-07-18
94465;24715;2023_7_18_586166;4;92.0;2023-07-18
16913;58218;2023_7_18_496849;3;108.0;2023-07-18
97462;32665;2023_7_18_530065;7;197.0;2023-07-18
23331;93349;2023_7_18_859570;4;113.0;2023-07-18
94465;93349;2023_7_18_891031;1;36.0;2023-07-18
94465;93349;2023_7_18_299773;5;112.0;2023-07-18
97462;83242;2023_7_18_840264;3;75.0;2023-07-18
16913;29187;2023_7_18_971473;4;115.0;2023-07-18
97462;93349;2023_7_18_526234;2;25.0;2023-07-18
97462;32665;2023_7_18_540761;0;0.0;2023-07-18
97462;83242;2023_7_18_711068;4;60.0;2023-07-18
94465;29187;2023_7_18_769816;2;33.0;2023-07-18
16913;24715;2023_7_18_382936;8;175.0;2023-07-18
16913;93349;2023_7_18_155576;6;137.0;2023-07-18
49343;29187;2023_7_18_654855;0;0.0;2023-07-18
97462;93349;2023_7_18_613395;7;238.0;2023-07-18
94465;83242;2023_7_18_360790;0;0.0;2023-07-18
39862;58218;2023_7_18_441580;3;87.0;2023-07-18
97462;58218;2023_7_18_612613;9;245.0;2023-07-18
84200;29187;2023_7_18_390353;5;112.0;2023-07-18
16913;93349;2023_7_18_876231;5;144.0;2023-07-18
84200;32665;2023_7_18_144504;4;67.0;2023-07-18
39862;29187;2023_7_18_907984;0;0.0;2023-07-18
97462;29187;2023_7_18_468812;1;3.0;2023-07-18
97462;58218;2023_7_18_689707;0;0.0;2023-07-18
16913;29187;2023_7_18_786641;4;150.0;2023-07-18
49343;83242;2023_7_18_485783;5;78.0;2023-07-18
97462;24715;2023_7_18_831161;6;182.0;2023-07-18
79127;93349;2023_7_18_895279;0;0.0;2023-07-18
39862;24715;2023_7_18_131171;6;148.0;2023-07-18
16913;24715;2023_7_18_487044;7;168.0;2023-07-18
23331;24715;2023_7_18_769119;7;167.0;2023-07-18
16913;83242;2023_7_18_413964;5;147.0;2023-07-18
39862;29187;2023_7_18_831139;5;151.0;2023-07-18
94465;58218;2023_7_18_489867;3;57.0;2023-07-18
16913;93349;2023_7_18_926000;4;89.0;2023-07-18
12728;29187;2023_7_18_921666;7;233.0;2023-07-18
16913;58218;2023_7_18_921866;7;240.0;2023-07-18
97462;32665;2023_7_18_730256;6;154.0;2023-07-18
97462;29187;2023_7_18_657633;0;0.0;2023-07-18
97462;93349;2023_7_18_794401;0;0.0;2023-07-18
23331;93349;2023_7_18_535709;9;225.0;2023-07-18
39862;83242;2023_7_18_614248;3;60.0;2023-07-18
97462;58218;2023_7_18_279505;3;62.0;2023-07-18
97462;93349;2023_7_18_856031;0;0.0;2023-07-18
49343;32665;2023_7_18_910921;7;147.0;2023-07-18
16913;24715;2023_7_18_295942;5;132.0;2023-07-18
39862;24715;2023_7_18_216952;3;56.0;2023-07-18
23331;32665;2023_7_18_208917;3;69.0;2023-07-18
23331;93349;2023_7_18_205525;5;147.0;2023-07-18
94465;93349;2023_7_18_562347;3;114.0;2023-07-18
39862;58218;2023_7_18_214338;4;158.0;2023-07-18
16913;32665;2023_7_18_233236;7;190.0;2023-07-18
97462;32665;2023_7_18_206713;2;30.0;2023-07-18
23331;24715;2023_7_18_327725;8;312.0;2023-07-18
16913;24715;2023_7_18_207298;4;112.0;2023-07-18
16913;24715;2023_7_18_458475;1;36.0;2023-07-18
97462;29187;2023_7_18_762674;7;251.0;2023-07-18
16913;58218;2023_7_18_913895;7;174.0;2023-07-18
16913;93349;2023_7_18_335672;6;137.0;2023-07-18
16913;83242;2023_7_18_714531;7;163.0;2023-07-18
97462;83242;2023_7_18_739365;1;36.0;2023-07-18
16913;93349;2023_7_18_399032;2;54.0;2023-07-18
97462;58218;2023_7_18_935966;3;117.0;2023-07-18
16913;24715;2023_7_18_280552;6;93.0;2023-07-18
16913;29187;2023_7_18_727201;0;0.0;2023-07-18
84200;58218;2023_7_18_590545;3;66.0;2023-07-18
16913;83242;2023_7_18_855596;7;151.0;2023-07-18
84200;29187;2023_7_18_739265;1;11.0;2023-07-18
97462;83242;2023_7_18_894910;8;166.0;2023-07-18
23331;58218;2023_7_18_195928;2;19.0;2023-07-18
39862;58218;2023_7_18_492123;1;17.0;2023-07-18
16913;93349;2023_7_18_128306;4;125.0;2023-07-18
23331;24715;2023_7_18_486780;9;183.0;2023-07-18
97462;32665;2023_7_18_357309;7;189.0;2023-07-18
16913;58218;2023_7_18_303633;6;123.0;2023-07-18
16913;32665;2023_7_18_997600;5;171.0;2023-07-18
16913;29187;2023_7_18_900684;7;166.0;2023-07-18
39862;24715;2023_7_18_721960;6;139.0;2023-07-18
97462;29187;2023_7_18_415541;4;107.0;2023-07-18
16913;83242;2023_7_18_992499;6;201.0;2023-07-18
79127;32665;2023_7_18_164764;6;223.0;2023-07-18
79127;83242;2023_7_18_142686;3;72.0;2023-07-18
79127;58218;2023_7_18_456573;4;136.0;2023-07-18
49343;32665;2023_7_18_519202;0;0.0;2023-07-18
16913;58218;2023_7_18_549850;6;172.0;2023-07-18
16913;93349;2023_7_18_157669;5;108.0;2023-07-18
84200;83242;2023_7_18_509803;8;159.0;2023-07-18
97462;58218;2023_7_18_215421;7;155.0;2023-07-18
79127;58218;2023_7_18_954634;7;222.0;2023-07-18
16913;29187;2023_7_18_413352;5;163.0;2023-07-18
39862;93349;2023_7_18_983242;8;203.0;2023-07-18
97462;58218;2023_7_18_387909;6;139.0;2023-07-18
97462;24715;2023_7_18_451649;2;42.0;2023-07-18
39862;58218;2023_7_18_789934;0;0.0;2023-07-18
16913;29187;2023_7_18_357947;0;0.0;2023-07-18
97462;93349;2023_7_18_277293;1;22.0;2023-07-18
39862;29187;2023_7_18_819772;7;169.0;2023-07-18
23331;93349;2023_7_18_368641;2;75.0;2023-07-18
16913;83242;2023_7_18_391252;5;101.0;2023-07-18
97462;32665;2023_7_18_186572;7;173.0;2023-07-18
79127;24715;2023_7_18_702124;0;0.0;2023-07-18
39862;24715;2023_7_18_625377;4;115.0;2023-07-18
97462;58218;2023_7_18_609802;7;216.0;2023-07-18
97462;93349;2023_7_18_615094;3;66.0;2023-07-18
79127;29187;2023_7_18_770629;4;139.0;2023-07-18
16913;24715;2023_7_18_492988;8;229.0;2023-07-18
16913;32665;2023_7_18_269306;9;296.0;2023-07-18
97462;93349;2023_7_18_875445;2;71.0;2023-07-18
79127;93349;2023_7_18_155173;8;169.0;2023-07-18
12728;32665;2023_7_18_304112;5;124.0;2023-07-18
97462;93349;2023_7_18_828200;6;135.0;2023-07-18
97462;24715;2023_7_18_488632;8;168.0;2023-07-18
79127;93349;2023_7_18_551134;6;163.0;2023-07-18
97462;83242;2023_7_18_797761;9;209.0;2023-07-18
79127;29187;2023_7_18_565471;8;227.0;2023-07-18
97462;32665;2023_7_18_585887;2;88.0;2023-07-18
97462;93349;2023_7_18_635246;0;0.0;2023-07-18
97462;24715;2023_7_18_666240;6;146.0;2023-07-18
79127;24715;2023_7_18_834645;3;58.0;2023-07-18
84200;93349;2023_7_18_117053;6;187.0;2023-07-18
16913;93349;2023_7_18_283113;0;0.0;2023-07-18
39862;32665;2023_7_18_897501;8;220.0;2023-07-18
16913;32665;2023_7_18_825648;5;138.0;2023-07-18
84200;83242;2023_7_18_179299;8;221.0;2023-07-18
97462;83242;2023_7_18_100163;6;138.0;2023-07-18
12728;93349;2023_7_18_431653;6;190.0;2023-07-18
97462;58218;2023_7_18_364688;6;97.0;2023-07-18
23331;83242;2023_7_18_551153;6;167.0;2023-07-18
16913;24715;2023_7_18_407664;5;137.0;2023-07-18
16913;29187;2023_7_18_732905;5;111.0;2023-07-18
79127;32665;2023_7_18_608936;0;0.0;2023-07-18
97462;93349;2023_7_18_503574;9;269.0;2023-07-18
84200;83242;2023_7_18_860028;7;169.0;2023-07-18
39862;29187;2023_7_18_529887;1;22.0;2023-07-18
12728;93349;2023_7_18_150538;8;228.0;2023-07-18
39862;29187;2023_7_18_677906;1;17.0;2023-07-18
39862;24715;2023_7_18_146400;0;0.0;2023-07-18
23331;58218;2023_7_18_184131;6;204.0;2023-07-18
97462;24715;2023_7_18_760361;2;87.0;2023-07-18
79127;93349;2023_7_18_837763;5;125.0;2023-07-18
16913;83242;2023_7_18_852592;4;55.0;2023-07-18
84200;93349;2023_7_18_458388;7;173.0;2023-07-18
79127;24715;2023_7_18_164937;5;106.0;2023-07-18
79127;93349;2023_7_18_792318;5;165.0;2023-07-18
39862;93349;2023_7_18_885076;1;3.0;2023-07-18
84200;93349;2023_7_18_500233;6;170.0;2023-07-18
97462;32665;2023_7_18_572963;3;53.0;2023-07-18
16913;24715;2023_7_18_841625;6;145.0;2023-07-18
49343;58218;2023_7_18_414569;1;47.0;2023-07-18
97462;24715;2023_7_18_638037;3;96.0;2023-07-18
16913;24715;2023_7_18_809505;4;90.0;2023-07-18
49343;29187;2023_7_18_617835;0;0.0;2023-07-18
79127;83242;2023_7_18_529471;1;28.0;2023-07-18
79127;93349;2023_7_18_594399;1;23.0;2023-07-18
16913;83242;2023_7_18_578120;3;53.0;2023-07-18
39862;24715;2023_7_18_949283;4;146.0;2023-07-18
12728;29187;2023_7_18_921472;8;212.0;2023-07-18
16913;29187;2023_7_18_445659;0;0.0;2023-07-18
79127;83242;2023_7_18_838428;5;139.0;2023-07-18
23331;58218;2023_7_18_799224;1;21.0;2023-07-18
16913;93349;2023_7_18_947817;6;176.0;2023-07-18
97462;32665;2023_7_18_103358;0;0.0;2023-07-18
49343;93349;2023_7_18_815440;2;94.0;2023-07-18
16913;24715;2023_7_18_120876;9;238.0;2023-07-18
94465;24715;2023_7_18_970594;4;97.0;2023-07-18
16913;29187;2023_7_18_533354;1;33.0;2023-07-18
97462;83242;2023_7_18_546924;5;179.0;2023-07-18
16913;58218;2023_7_18_945780;6;180.0;2023-07-18
16913;58218;2023_7_18_815942;5;173.0;2023-07-18
84200;93349;2023_7_18_816109;8;211.0;2023-07-18
12728;58218;2023_7_18_875706;6;131.0;2023-07-18
79127;58218;2023_7_18_410476;5;87.0;2023-07-18
84200;93349;2023_7_18_480080;1;46.0;2023-07-18
79127;83242;2023_7_18_720517;2;24.0;2023-07-18
16913;32665;2023_7_18_208109;5;145.0;2023-07-18
97462;24715;2023_7_18_314008;2;19.0;2023-07-18
23331;29187;2023_7_18_888136;5;128.0;2023-07-18
16913;32665;2023_7_18_461367;7;216.0;2023-07-18
16913;24715;2023_7_18_299969;7;178.0;2023-07-18
16913;93349;2023_7_18_101414;0;0.0;2023-07-18
39862;24715;2023_7_18_962940;5;182.0;2023-07-18
97462;32665;2023_7_18_950025;0;0.0;2023-07-18
97462;32665;2023_7_18_787814;1;20.0;2023-07-18
84200;58218;2023_7_18_631146;6;152.0;2023-07-18
39862;93349;2023_7_18_850123;0;0.0;2023-07-18
16913;24715;2023_7_18_463729;8;197.0;2023-07-18
39862;32665;2023_7_18_593861;5;166.0;2023-07-18
97462;24715;2023_7_18_280548;2;35.0;2023-07-18
84200;93349;2023_7_18_108660;2;90.0;2023-07-18
16913;93349;2023_7_18_368477;2;68.0;2023-07-18
97462;93349;2023_7_18_156144;0;0.0;2023-07-18
97462;32665;2023_7_18_525991;5;120.0;2023-07-18
97462;93349;2023_7_18_556082;7;114.0;2023-07-18
16913;58218;2023_7_18_828873;0;0.0;2023-07-18
94465;58218;2023_7_18_187752;0;0.0;2023-07-18
79127;24715;2023_7_18_634537;5;155.0;2023-07-18
16913;24715;2023_7_18_578788;3;13.0;2023-07-18
97462;58218;2023_7_18_798947;2;48.0;2023-07-18
16913;32665;2023_7_18_244260;6;165.0;2023-07-18
16913;32665;2023_7_18_164902;3;97.0;2023-07-18
16913;24715;2023_7_18_804819;1;10.0;2023-07-18
97462;93349;2023_7_18_737334;5;191.0;2023-07-18
16913;93349;2023_7_18_171244;1;41.0;2023-07-18
16913;24715;2023_7_18_948425;0;0.0;2023-07-18
23331;24715;2023_7_18_289802;8;234.0;2023-07-18
97462;29187;2023_7_18_897865;8;239.0;2023-07-18
79127;93349;2023_7_18_556486;0;0.0;2023-07-18
16913;83242;2023_7_18_270983;1;50.0;2023-07-18
23331;83242;2023_7_18_170148;0;0.0;2023-07-18
79127;32665;2023_7_18_144013;6;104.0;2023-07-18
97462;93349;2023_7_18_238610;8;224.0;2023-07-18
97462;93349;2023_7_18_817544;8;218.0;2023-07-18
16913;58218;2023_7_18_979055;7;231.0;2023-07-18
97462;93349;2023_7_18_204544;3;117.0;2023-07-18
23331;29187;2023_7_18_512374;6;133.0;2023-07-18
39862;29187;2023_7_18_914264;7;237.0;2023-07-18
84200;93349;2023_7_18_223297;5;121.0;2023-07-18
97462;29187;2023_7_18_373457;6;137.0;2023-07-18
97462;58218;2023_7_18_866359;4;76.0;2023-07-18
97462;58218;2023_7_18_244466;5;141.0;2023-07-18
23331;58218;2023_7_18_914552;2;74.0;2023-07-18
97462;32665;2023_7_18_850844;7;127.0;2023-07-18
49343;83242;2023_7_18_627148;5;84.0;2023-07-18
97462;24715;2023_7_18_217162;3;120.0;2023-07-18
16913;93349;2023_7_18_927901;1;46.0;2023-07-18
16913;29187;2023_7_18_805457;8;188.0;2023-07-18
16913;83242;2023_7_18_338308;3;98.0;2023-07-18
16913;58218;2023_7_18_946261;8;261.0;2023-07-18
97462;29187;2023_7_18_469585;5;126.0;2023-07-18
97462;83242;2023_7_18_329475;6;111.0;2023-07-18
23331;93349;2023_7_18_764543;9;214.0;2023-07-18
12728;93349;2023_7_18_153728;3;88.0;2023-07-18
79127;58218;2023_7_18_851327;1;38.0;2023-07-18
16913;24715;2023_7_18_587706;6;118.0;2023-07-18
79127;24715;2023_7_18_228845;0;0.0;2023-07-18
97462;83242;2023_7_18_826128;1;9.0;2023-07-18
97462;58218;2023_7_18_112021;1;43.0;2023-07-18
97462;83242;2023_7_18_958091;4;37.0;2023-07-18
97462;83242;2023_7_18_949356;6;236.0;2023-07-18
94465;24715;2023_7_18_290174;6;122.0;2023-07-18
16913;93349;2023_7_18_752140;2;4.0;2023-07-18
23331;24715;2023_7_18_507456;0;0.0;2023-07-18
23331;83242;2023_7_18_377928;6;175.0;2023-07-18
97462;32665;2023_7_18_170620;3;91.0;2023-07-18
16913;29187;2023_7_18_789221;3;84.0;2023-07-18
79127;24715;2023_7_18_239525;0;0.0;2023-07-18
97462;83242;2023_7_18_148383;6;137.0;2023-07-18
16913;83242;2023_7_18_114379;4;155.0;2023-07-18
39862;93349;2023_7_18_364603;8;208.0;2023-07-18
39862;24715;2023_7_18_919312;7;164.0;2023-07-18
16913;24715;2023_7_18_510859;0;0.0;2023-07-18
97462;29187;2023_7_18_588359;4;123.0;2023-07-18
39862;32665;2023_7_18_436776;9;249.0;2023-07-18
97462;58218;2023_7_18_808784;4;155.0;2023-07-18
97462;24715;2023_7_18_838020;2;59.0;2023-07-18
79127;93349;2023_7_18_289628;0;0.0;2023-07-18
39862;93349;2023_7_18_645092;7;172.0;2023-07-18
16913;24715;2023_7_18_273458;4;100.0;2023-07-18
84200;29187;2023_7_18_542049;1;3.0;2023-07-18
16913;93349;2023_7_18_760640;4;122.0;2023-07-18
39862;58218;2023_7_18_348166;5;140.0;2023-07-18
97462;24715;2023_7_18_791467;6;150.0;2023-07-18
39862;32665;2023_7_18_726150;7;221.0;2023-07-18
97462;93349;2023_7_18_627706;7;222.0;2023-07-18
97462;32665;2023_7_18_232098;4;170.0;2023-07-18
16913;32665;2023_7_18_844817;8;187.0;2023-07-18
97462;32665;2023_7_18_901722;5;131.0;2023-07-18
79127;58218;2023_7_18_575931;6;145.0;2023-07-18
97462;58218;2023_7_18_747815;9;224.0;2023-07-18
39862;32665;2023_7_18_540654;0;0.0;2023-07-18
97462;58218;2023_7_18_553533;3;117.0;2023-07-18
49343;58218;2023_7_18_107466;0;0.0;2023-07-18
39862;32665;2023_7_18_637871;1;36.0;2023-07-18
12728;93349;2023_7_18_664734;4;83.0;2023-07-18
16913;24715;2023_7_18_280521;2;51.0;2023-07-18
16913;24715;2023_7_18_388110;6;196.0;2023-07-18
97462;83242;2023_7_18_847103;0;0.0;2023-07-18
16913;24715;2023_7_18_188157;8;186.0;2023-07-18
84200;93349;2023_7_18_382804;8;158.0;2023-07-18
23331;24715;2023_7_18_685811;8;233.0;2023-07-18
94465;58218;2023_7_18_288855;5;128.0;2023-07-18
39862;93349;2023_7_18_765636;3;58.0;2023-07-18
16913;93349;2023_7_18_205651;3;78.0;2023-07-18
49343;58218;2023_7_18_442692;4;86.0;2023-07-18
16913;93349;2023_7_18_750649;4;138.0;2023-07-18
84200;93349;2023_7_18_413117;0;0.0;2023-07-18
97462;24715;2023_7_18_726722;4;135.0;2023-07-18
16913;32665;2023_7_18_852155;8;216.0;2023-07-18
97462;24715;2023_7_18_727005;0;0.0;2023-07-18
23331;58218;2023_7_18_333494;3;89.0;2023-07-18
79127;24715;2023_7_18_686910;8;205.0;2023-07-18
16913;24715;2023_7_18_434862;5;90.0;2023-07-18
16913;24715;2023_7_18_871969;6;172.0;2023-07-18
79127;24715;2023_7_18_880069;5;95.0;2023-07-18
97462;83242;2023_7_18_540692;6;185.0;2023-07-18
39862;24715;2023_7_18_663975;8;195.0;2023-07-18
12728;32665;2023_7_18_226587;5;190.0;2023-07-18
39862;93349;2023_7_18_541468;4;166.0;2023-07-18
39862;93349;2023_7_18_500726;1;25.0;2023-07-18
16913;24715;2023_7_18_671341;5;79.0;2023-07-18
97462;58218;2023_7_18_711855;3;80.0;2023-07-18
39862;93349;2023_7_18_509989;2;60.0;2023-07-18
79127;24715;2023_7_18_974774;3;58.0;2023-07-18
16913;32665;2023_7_18_145056;0;0.0;2023-07-18
39862;58218;2023_7_18_428047;6;129.0;2023-07-18
49343;24715;2023_7_18_260480;6;104.0;2023-07-18
49343;24715;2023_7_18_336351;7;212.0;2023-07-18
39862;93349;2023_7_18_772996;4;98.0;2023-07-18
49343;24715;2023_7_18_546004;6;156.0;2023-07-18
97462;32665;2023_7_18_665269;3;110.0;2023-07-18
94465;29187;2023_7_18_245205;3;109.0;2023-07-18
39862;58218;2023_7_18_185345;0;0.0;2023-07-18
23331;58218;2023_7_18_589192;9;241.0;2023-07-18
16913;32665;2023_7_18_697299;6;133.0;2023-07-18
97462;24715;2023_7_18_711383;6;155.0;2023-07-18
39862;24715;2023_7_18_227377;7;231.0;2023-07-18
97462;29187;2023_7_18_372926;5;139.0;2023-07-18
23331;29187;2023_7_18_469106;8;227.0;2023-07-18
16913;32665;2023_7_18_446661;0;0.0;2023-07-18
16913;32665;2023_7_18_796148;7;139.0;2023-07-18
79127;24715;2023_7_18_900241;0;0.0;2023-07-18
39862;58218;2023_7_18_942939;0;0.0;2023-07-18
97462;83242;2023_7_18_116146;5;172.0;2023-07-18
16913;93349;2023_7_18_710516;4;130.0;2023-07-18
97462;58218;2023_7_18_747279;1;35.0;2023-07-18
84200;93349;2023_7_18_836516;4;158.0;2023-07-18
16913;24715;2023_7_18_106561;4;116.0;2023-07-18
97462;93349;2023_7_18_842282;3;49.0;2023-07-18
39862;58218;2023_7_18_292435;8;203.0;2023-07-18
97462;93349;2023_7_18_839081;1;28.0;2023-07-18
16913;93349;2023_7_18_547542;8;263.0;2023-07-18
16913;93349;2023_7_18_377895;2;68.0;2023-07-18
94465;29187;2023_7_18_266310;1;17.0;2023-07-18
16913;58218;2023_7_18_966855;8;230.0;2023-07-18
79127;29187;2023_7_18_353152;5;156.0;2023-07-18
97462;32665;2023_7_18_267782;5;154.0;2023-07-18
16913;93349;2023_7_18_704371;2;96.0;2023-07-18
84200;32665;2023_7_18_347314;8;178.0;2023-07-18
79127;29187;2023_7_18_876589;3;94.0;2023-07-18
97462;93349;2023_7_18_397181;9;186.0;2023-07-18
16913;24715;2023_7_18_886928;3;110.0;2023-07-18
49343;24715;2023_7_18_411644;5;156.0;2023-07-18
23331;93349;2023_7_18_942791;1;36.0;2023-07-18
79127;58218;2023_7_18_114871;8;204.0;2023-07-18
16913;32665;2023_7_18_892957;2;78.0;2023-07-18
16913;83242;2023_7_18_363278;0;0.0;2023-07-18
97462;24715;2023_7_18_554278;3;56.0;2023-07-18
16913;93349;2023_7_18_475237;8;234.0;2023-07-18
79127;29187;2023_7_18_858601;7;196.0;2023-07-18
39862;83242;2023_7_18_260188;6;144.0;2023-07-18
16913;32665;2023_7_18_972926;4;146.0;2023-07-18
16913;58218;2023_7_18_625368;1;17.0;2023-07-18
84200;24715;2023_7_18_250899;3;125.0;2023-07-18
97462;32665;2023_7_18_547898;3;77.0;2023-07-18
84200;83242;2023_7_18_211077;8;198.0;2023-07-18
16913;24715;2023_7_18_218108;0;0.0;2023-07-18
16913;83242;2023_7_18_610802;6;167.0;2023-07-18
97462;24715;2023_7_18_790970;3;67.0;2023-07-18
97462;24715;2023_7_18_421260;2;53.0;2023-07-18
16913;93349;2023_7_18_719980;4;45.0;2023-07-18
16913;24715;2023_7_18_645309;7;160.0;2023-07-18
39862;29187;2023_7_18_777879;3;94.0;2023-07-18
16913;29187;2023_7_18_811097;4;102.0;2023-07-18
39862;29187;2023_7_18_342445;8;187.0;2023-07-18
84200;32665;2023_7_18_829390;0;0.0;2023-07-18
39862;93349;2023_7_18_642675;0;0.0;2023-07-18
16913;58218;2023_7_18_627060;1;45.0;2023-07-18
97462;32665;2023_7_18_600792;5;113.0;2023-07-18
97462;93349;2023_7_18_290221;5;140.0;2023-07-18
97462;93349;2023_7_18_572171;6;178.0;2023-07-18
97462;58218;2023_7_18_755233;3;127.0;2023-07-18
84200;32665;2023_7_18_970945;6;163.0;2023-07-18
97462;32665;2023_7_18_722414;8;198.0;2023-07-18
23331;24715;2023_7_18_449601;4;145.0;2023-07-18
16913;58218;2023_7_18_128951;4;118.0;2023-07-18
97462;29187;2023_7_18_211862;7;256.0;2023-07-18
16913;32665;2023_7_18_129381;7;135.0;2023-07-18
97462;58218;2023_7_18_479333;7;182.0;2023-07-18
16913;24715;2023_7_18_456213;7;256.0;2023-07-18
16913;32665;2023_7_18_168785;0;0.0;2023-07-18
39862;93349;2023_7_18_986727;3;36.0;2023-07-18
16913;24715;2023_7_18_706300;6;184.0;2023-07-18
16913;83242;2023_7_18_578389;7;231.0;2023-07-18
16913;93349;2023_7_18_224671;6;152.0;2023-07-18
79127;58218;2023_7_18_138819;1;35.0;2023-07-18
16913;83242;2023_7_18_120936;1;3.0;2023-07-18
97462;93349;2023_7_18_427779;0;0.0;2023-07-18
94465;93349;2023_7_18_664672;3;114.0;2023-07-18
84200;58218;2023_7_18_595141;0;0.0;2023-07-18
16913;24715;2023_7_18_279542;4;99.0;2023-07-18
84200;32665;2023_7_18_761734;4;46.0;2023-07-18
94465;24715;2023_7_18_494219;5;54.0;2023-07-18
97462;93349;2023_7_18_911516;4;93.0;2023-07-18
16913;29187;2023_7_18_217492;8;207.0;2023-07-18
16913;58218;2023_7_18_952713;3;97.0;2023-07-18
84200;93349;2023_7_18_783871;7;173.0;2023-07-18
16913;24715;2023_7_18_314100;5;176.0;2023-07-18
16913;93349;2023_7_18_280944;0;0.0;2023-07-18
97462;32665;2023_7_18_340032;3;103.0;2023-07-18
97462;24715;2023_7_18_454136;7;155.0;2023-07-18
97462;93349;2023_7_18_962597;3;100.0;2023-07-18
23331;58218;2023_7_18_108269;8;278.0;2023-07-18
97462;24715;2023_7_18_989031;6;168.0;2023-07-18
16913;93349;2023_7_18_226668;3;76.0;2023-07-18
12728;32665;2023_7_18_850983;4;92.0;2023-07-18
97462;32665;2023_7_18_670896;6;138.0;2023-07-18
16913;24715;2023_7_18_745764;6;129.0;2023-07-18
84200;32665;2023_7_18_211737;5;120.0;2023-07-18
16913;29187;2023_7_18_411051;3;93.0;2023-07-18
49343;83242;2023_7_18_179922;7;179.0;2023-07-18
97462;24715;2023_7_18_992069;7;186.0;2023-07-18
16913;83242;2023_7_18_503878;7;146.0;2023-07-18
16913;93349;2023_7_18_611129;0;0.0;2023-07-18
23331;93349;2023_7_18_498825;4;73.0;2023-07-18
16913;29187;2023_7_18_883720;8;201.0;2023-07-18
16913;83242;2023_7_18_496273;0;0.0;2023-07-18
16913;24715;2023_7_18_942587;1;1.0;2023-07-18
23331;32665;2023_7_18_277635;1;50.0;2023-07-18
16913;58218;2023_7_18_596398;9;288.0;2023-07-18
16913;93349;2023_7_18_141580;3;132.0;2023-07-18
16913;83242;2023_7_18_952032;7;164.0;2023-07-18
16913;83242;2023_7_18_620985;5;168.0;2023-07-18
79127;93349;2023_7_18_839572;1;32.0;2023-07-18
84200;93349;2023_7_18_703679;3;52.0;2023-07-18
97462;32665;2023_7_18_679891;0;0.0;2023-07-18
79127;24715;2023_7_18_319205;2;71.0;2023-07-18
23331;93349;2023_7_18_343866;8;274.0;2023-07-18
16913;83242;2023_7_18_227251;0;0.0;2023-07-18
23331;29187;2023_7_18_666281;5;125.0;2023-07-18
16913;29187;2023_7_18_875805;7;208.0;2023-07-18
97462;83242;2023_7_18_613678;4;131.0;2023-07-18
79127;93349;2023_7_18_851752;4;140.0;2023-07-18
49343;24715;2023_7_18_932860;6;128.0;2023-07-18
97462;93349;2023_7_18_684670;9;217.0;2023-07-18
97462;24715;2023_7_18_171658;8;143.0;2023-07-18
97462;83242;2023_7_18_645145;5;123.0;2023-07-18
16913;83242;2023_7_18_970236;6;130.0;2023-07-18
16913;29187;2023_7_18_631733;6;198.0;2023-07-18
79127;83242;2023_7_18_910135;7;186.0;2023-07-18
16913;32665;2023_7_18_505075;8;235.0;2023-07-18
39862;24715;2023_7_18_733672;4;92.0;2023-07-18
79127;24715;2023_7_18_763672;3;79.0;2023-07-18
97462;83242;2023_7_18_948021;1;22.0;2023-07-18
84200;93349;2023_7_18_433375;6;212.0;2023-07-18
97462;58218;2023_7_18_641407;7;141.0;2023-07-18
39862;93349;2023_7_18_789041;8;260.0;2023-07-18
16913;83242;2023_7_18_162949;8;180.0;2023-07-18
16913;58218;2023_7_18_220112;2;81.0;2023-07-18
16913;29187;2023_7_18_206959;6;149.0;2023-07-18
97462;29187;2023_7_18_104967;4;57.0;2023-07-18
16913;58218;2023_7_18_726946;4;94.0;2023-07-18
97462;29187;2023_7_18_175954;8;284.0;2023-07-18
97462;93349;2023_7_18_843456;0;0.0;2023-07-18
39862;93349;2023_7_18_361005;8;196.0;2023-07-18
94465;58218;2023_7_18_446864;3;45.0;2023-07-18
97462;32665;2023_7_18_775882;4;88.0;2023-07-18
49343;93349;2023_7_18_480577;3;110.0;2023-07-18
39862;93349;2023_7_18_181292;8;208.0;2023-07-18
39862;83242;2023_7_18_392377;0;0.0;2023-07-18
94465;93349;2023_7_18_837143;3;50.0;2023-07-18
23331;93349;2023_7_18_240494;7;150.0;2023-07-18
16913;83242;2023_7_18_159206;4;104.0;2023-07-18
23331;32665;2023_7_18_648558;5;156.0;2023-07-18
12728;32665;2023_7_18_267380;5;148.0;2023-07-18
39862;24715;2023_7_18_556604;2;17.0;2023-07-18
16913;29187;2023_7_18_294401;6;93.0;2023-07-18
97462;24715;2023_7_18_876469;6;156.0;2023-07-18
23331;29187;2023_7_18_530904;6;164.0;2023-07-18
97462;24715;2023_7_18_302311;2;65.0;2023-07-18
16913;93349;2023_7_18_846715;5;125.0;2023-07-18
97462;93349;2023_7_18_895902;6;145.0;2023-07-18
39862;93349;2023_7_18_246196;8;260.0;2023-07-18
97462;29187;2023_7_18_189049;6;175.0;2023-07-18
84200;24715;2023_7_18_401408;5;177.0;2023-07-18
16913;32665;2023_7_18_619070;6;124.0;2023-07-18
97462;24715;2023_7_18_351252;9;297.0;2023-07-18
84200;29187;2023_7_18_775750;7;149.0;2023-07-18
97462;58218;2023_7_18_811179;0;0.0;2023-07-18
12728;32665;2023_7_18_418236;4;132.0;2023-07-18
49343;29187;2023_7_18_726070;2;54.0;2023-07-18
12728;58218;2023_7_18_933271;3;87.0;2023-07-18
23331;58218;2023_7_18_866360;7;203.0;2023-07-18
12728;29187;2023_7_18_417198;0;0.0;2023-07-18
16913;58218;2023_7_18_226799;3;60.0;2023-07-18
39862;29187;2023_7_18_596876;9;239.0;2023-07-18
16913;29187;2023_7_18_484766;4;78.0;2023-07-18
94465;24715;2023_7_18_150830;5;159.0;2023-07-18
39862;32665;2023_7_18_269483;5;103.0;2023-07-18
97462;24715;2023_7_18_588273;0;0.0;2023-07-18
97462;29187;2023_7_18_315585;2;38.0;2023-07-18
84200;58218;2023_7_18_214350;1;50.0;2023-07-18
97462;93349;2023_7_18_486369;5;119.0;2023-07-18
79127;58218;2023_7_18_652481;1;46.0;2023-07-18
16913;32665;2023_7_18_672188;1;15.0;2023-07-18
79127;24715;2023_7_18_755261;7;144.0;2023-07-18
97462;93349;2023_7_18_252014;4;77.0;2023-07-18
12728;32665;2023_7_18_619751;8;173.0;2023-07-18
97462;24715;2023_7_18_629202;3;75.0;2023-07-18
84200;93349;2023_7_18_148351;6;178.0;2023-07-18
79127;93349;2023_7_18_733535;2;60.0;2023-07-18
79127;93349;2023_7_18_746986;6;156.0;2023-07-18
84200;24715;2023_7_18_540553;6;119.0;2023-07-18
84200;32665;2023_7_18_432752;7;252.0;2023-07-18
39862;58218;2023_7_18_746465;2;60.0;2023-07-18
79127;24715;2023_7_18_969263;7;218.0;2023-07-18
94465;58218;2023_7_18_734193;0;0.0;2023-07-18
97462;58218;2023_7_18_356275;3;43.0;2023-07-18
97462;58218;2023_7_18_484036;3;84.0;2023-07-18
12728;58218;2023_7_18_205423;7;171.0;2023-07-18
97462;58218;2023_7_18_237614;4;83.0;2023-07-18
97462;58218;2023_7_18_576087;3;106.0;2023-07-18
79127;93349;2023_7_18_689613;2;68.0;2023-07-18
84200;32665;2023_7_18_967352;5;145.0;2023-07-18
94465;83242;2023_7_18_821314;2;37.0;2023-07-18
97462;93349;2023_7_18_850834;0;0.0;2023-07-18
16913;93349;2023_7_18_905989;4;99.0;2023-07-18
23331;58218;2023_7_18_351653;6;206.0;2023-07-18
84200;24715;2023_7_18_230502;0;0.0;2023-07-18
16913;58218;2023_7_18_999669;2;25.0;2023-07-18
97462;83242;2023_7_18_265496;6;209.0;2023-07-18
39862;24715;2023_7_18_614880;8;96.0;2023-07-18
16913;93349;2023_7_18_957995;4;94.0;2023-07-18
16913;83242;2023_7_18_792670;7;202.0;2023-07-18
97462;83242;2023_7_18_477726;1;40.0;2023-07-18
97462;24715;2023_7_18_824278;6;182.0;2023-07-18
79127;32665;2023_7_18_310612;8;297.0;2023-07-18
23331;93349;2023_7_18_452774;2;10.0;2023-07-18
16913;58218;2023_7_18_593099;0;0.0;2023-07-18
12728;24715;2023_7_18_161883;0;0.0;2023-07-18
39862;29187;2023_7_18_744797;4;59.0;2023-07-18
84200;93349;2023_7_18_354326;4;131.0;2023-07-18
79127;32665;2023_7_18_105356;6;173.0;2023-07-18
23331;93349;2023_7_18_939820;6;197.0;2023-07-18
16913;93349;2023_7_18_895030;2;55.0;2023-07-18
16913;58218;2023_7_18_972552;5;139.0;2023-07-18
23331;29187;2023_7_18_489981;8;269.0;2023-07-18
12728;58218;2023_7_18_566415;8;182.0;2023-07-18
23331;83242;2023_7_18_360631;1;17.0;2023-07-18
39862;24715;2023_7_18_269197;8;170.0;2023-07-18
39862;24715;2023_7_18_480437;1;34.0;2023-07-18
16913;58218;2023_7_18_962611;5;113.0;2023-07-18
39862;29187;2023_7_18_897139;6;161.0;2023-07-18
97462;83242;2023_7_18_457134;6;204.0;2023-07-18
16913;93349;2023_7_18_884647;4;115.0;2023-07-18
23331;24715;2023_7_18_875714;6;198.0;2023-07-18
97462;83242;2023_7_18_938596;4;128.0;2023-07-18
16913;32665;2023_7_18_400220;4;100.0;2023-07-18
97462;93349;2023_7_18_726572;3;106.0;2023-07-18
79127;58218;2023_7_18_722108;6;162.0;2023-07-18
16913;32665;2023_7_18_946504;7;95.0;2023-07-18
16913;83242;2023_7_18_258861;7;167.0;2023-07-18
23331;58218;2023_7_18_181100;0;0.0;2023-07-18
23331;24715;2023_7_18_663823;0;0.0;2023-07-18
16913;32665;2023_7_18_791861;7;179.0;2023-07-18
39862;58218;2023_7_18_318337;0;0.0;2023-07-18
16913;93349;2023_7_18_771477;4;125.0;2023-07-18
49343;24715;2023_7_18_604999;4;75.0;2023-07-18
16913;58218;2023_7_18_999664;7;96.0;2023-07-18
97462;93349;2023_7_18_553403;3;68.0;2023-07-18
97462;93349;2023_7_18_521789;2;65.0;2023-07-18
97462;29187;2023_7_18_295001;0;0.0;2023-07-18
39862;29187;2023_7_18_111291;0;0.0;2023-07-18
23331;24715;2023_7_18_165202;2;36.0;2023-07-18
16913;58218;2023_7_18_795733;6;212.0;2023-07-18
84200;24715;2023_7_18_540766;5;97.0;2023-07-18
16913;29187;2023_7_18_524895;5;141.0;2023-07-18
97462;24715;2023_7_18_463417;3;75.0;2023-07-18
16913;93349;2023_7_18_999598;5;182.0;2023-07-18
16913;29187;2023_7_18_596636;2;42.0;2023-07-18
39862;32665;2023_7_18_239567;7;209.0;2023-07-18
16913;83242;2023_7_18_390294;1;17.0;2023-07-18
16913;29187;2023_7_18_970948;1;50.0;2023-07-18
16913;83242;2023_7_18_141193;4;128.0;2023-07-18
39862;29187;2023_7_18_733319;4;110.0;2023-07-18
84200;58218;2023_7_18_263182;2;53.0;2023-07-18
16913;24715;2023_7_18_218279;3;80.0;2023-07-18
39862;24715;2023_7_18_549985;4;89.0;2023-07-18
84200;24715;2023_7_18_389481;8;152.0;2023-07-18
12728;29187;2023_7_18_836151;3;118.0;2023-07-18
16913;93349;2023_7_18_425289;8;299.0;2023-07-18
39862;32665;2023_7_18_517282;4;132.0;2023-07-18
16913;32665;2023_7_18_551310;3;82.0;2023-07-18
16913;93349;2023_7_18_124638;5;197.0;2023-07-18
97462;24715;2023_7_18_767557;6;149.0;2023-07-18
16913;58218;2023_7_18_532137;8;226.0;2023-07-18
16913;24715;2023_7_18_679857;5;156.0;2023-07-18
39862;83242;2023_7_18_231589;3;73.0;2023-07-18
39862;32665;2023_7_18_151909;5;159.0;2023-07-18
23331;93349;2023_7_18_352074;0;0.0;2023-07-18
39862;93349;2023_7_18_730599;6;216.0;2023-07-18
16913;29187;2023_7_18_607325;5;115.0;2023-07-18
39862;83242;2023_7_18_239028;1;9.0;2023-07-18
97462;93349;2023_7_18_171485;5;153.0;2023-07-18
39862;93349;2023_7_18_970405;6;104.0;2023-07-18
97462;29187;2023_7_18_308721;1;11.0;2023-07-18
97462;32665;2023_7_18_499707;6;74.0;2023-07-18
16913;24715;2023_7_18_622817;3;71.0;2023-07-18
94465;83242;2023_7_18_979443;2;18.0;2023-07-18
97462;32665;2023_7_18_888277;3;57.0;2023-07-18
23331;58218;2023_7_18_175276;0;0.0;2023-07-18
97462;58218;2023_7_18_795694;2;36.0;2023-07-18
49343;58218;2023_7_18_110191;1;37.0;2023-07-18
97462;83242;2023_7_18_728050;6;145.0;2023-07-18
79127;24715;2023_7_18_743644;6;192.0;2023-07-18
12728;32665;2023_7_18_593535;5;95.0;2023-07-18
16913;58218;2023_7_18_727376;9;264.0;2023-07-18
94465;58218;2023_7_18_927923;6;117.0;2023-07-18
16913;93349;2023_7_18_911552;2;55.0;2023-07-18
97462;93349;2023_7_18_920043;0;0.0;2023-07-18
16913;93349;2023_7_18_673450;6;154.0;2023-07-18
94465;24715;2023_7_18_579597;2;49.0;2023-07-18
16913;32665;2023_7_18_447257;0;0.0;2023-07-18
49343;58218;2023_7_18_848592;6;156.0;2023-07-18
39862;83242;2023_7_18_174472;6;175.0;2023-07-18
23331;24715;2023_7_18_633565;1;17.0;2023-07-18
97462;29187;2023_7_18_964534;4;115.0;2023-07-18
16913;32665;2023_7_18_988546;5;109.0;2023-07-18
39862;32665;2023_7_18_856201;6;234.0;2023-07-18
79127;29187;2023_7_18_552622;5;175.0;2023-07-18
97462;24715;2023_7_18_682298;1;28.0;2023-07-18
49343;24715;2023_7_18_472232;4;94.0;2023-07-18
97462;83242;2023_7_18_109250;3;100.0;2023-07-18
84200;93349;2023_7_18_236801;0;0.0;2023-07-18
97462;58218;2023_7_18_922076;4;129.0;2023-07-18
16913;24715;2023_7_18_800063;7;185.0;2023-07-18
16913;29187;2023_7_18_177634;0;0.0;2023-07-18
16913;83242;2023_7_18_563867;9;218.0;2023-07-18
39862;32665;2023_7_18_287353;4;119.0;2023-07-18
16913;58218;2023_7_18_308916;1;32.0;2023-07-18
97462;93349;2023_7_18_755819;3;88.0;2023-07-18
97462;93349;2023_7_18_254654;2;38.0;2023-07-18
79127;32665;2023_7_18_322895;3;113.0;2023-07-18
12728;32665;2023_7_18_138996;9;151.0;2023-07-18
23331;24715;2023_7_18_824079;1;43.0;2023-07-18
16913;93349;2023_7_18_352465;7;160.0;2023-07-18
16913;83242;2023_7_18_766883;9;224.0;2023-07-18
97462;93349;2023_7_18_548857;3;82.0;2023-07-18
84200;24715;2023_7_18_915100;8;193.0;2023-07-18
16913;24715;2023_7_18_803412;3;103.0;2023-07-18
97462;32665;2023_7_18_117462;1;3.0;2023-07-18
12728;58218;2023_7_18_450431;6;130.0;2023-07-18
16913;83242;2023_7_18_466820;7;261.0;2023-07-18
16913;24715;2023_7_18_634074;8;251.0;2023-07-18
16913;32665;2023_7_18_606945;7;139.0;2023-07-18
97462;24715;2023_7_18_800647;8;217.0;2023-07-18
84200;29187;2023_7_18_163778;5;98.0;2023-07-18
23331;58218;2023_7_18_868240;7;171.0;2023-07-18
12728;58218;2023_7_18_767117;0;0.0;2023-07-18
39862;29187;2023_7_18_785685;7;174.0;2023-07-18
79127;93349;2023_7_18_218490;1;41.0;2023-07-18
39862;24715;2023_7_18_141692;9;234.0;2023-07-18
16913;93349;2023_7_18_173595;2;28.0;2023-07-18
16913;58218;2023_7_18_828604;7;164.0;2023-07-18
97462;24715;2023_7_18_219221;3;96.0;2023-07-18
39862;93349;2023_7_18_965923;2;60.0;2023-07-18
84200;24715;2023_7_18_463254;7;148.0;2023-07-18
12728;24715;2023_7_18_737376;1;31.0;2023-07-18
16913;58218;2023_7_18_736138;3;65.0;2023-07-18
39862;83242;2023_7_18_728277;5;158.0;2023-07-18
16913;24715;2023_7_18_453210;6;179.0;2023-07-18
39862;24715;2023_7_18_366556;5;136.0;2023-07-18
12728;32665;2023_7_18_598130;1;33.0;2023-07-18
97462;83242;2023_7_18_346334;7;152.0;2023-07-18
84200;58218;2023_7_18_715723;8;269.0;2023-07-18
16913;93349;2023_7_18_742200;8;179.0;2023-07-18
84200;93349;2023_7_18_867702;3;92.0;2023-07-18
16913;29187;2023_7_18_368254;8;258.0;2023-07-18
16913;24715;2023_7_18_730376;4;118.0;2023-07-18
16913;58218;2023_7_18_440724;2;45.0;2023-07-18
97462;29187;2023_7_18_246495;8;145.0;2023-07-18
84200;24715;2023_7_18_957293;1;35.0;2023-07-18
97462;93349;2023_7_18_294953;8;190.0;2023-07-18
39862;32665;2023_7_18_222537;8;216.0;2023-07-18
39862;24715;2023_7_18_629675;2;57.0;2023-07-18
16913;93349;2023_7_18_633580;5;144.0;2023-07-18
23331;32665;2023_7_18_138953;3;113.0;2023-07-18
97462;58218;2023_7_18_350333;4;100.0;2023-07-18
39862;24715;2023_7_18_511501;6;136.0;2023-07-18
97462;83242;2023_7_18_361638;2;54.0;2023-07-18
97462;83242;2023_7_18_474207;6;203.0;2023-07-18
39862;24715;2023_7_18_675461;7;133.0;2023-07-18
97462;32665;2023_7_18_342074;4;75.0;2023-07-18
16913;32665;2023_7_18_796439;4;128.0;2023-07-18
97462;24715;2023_7_18_187950;3;67.0;2023-07-18
79127;93349;2023_7_18_165856;7;154.0;2023-07-18
16913;93349;2023_7_18_165000;1;33.0;2023-07-18
79127;93349;2023_7_18_826426;2;49.0;2023-07-18
39862;93349;2023_7_18_194385;1;31.0;2023-07-18
12728;24715;2023_7_18_775288;2;41.0;2023-07-18
97462;93349;2023_7_18_301152;2;69.0;2023-07-18
16913;93349;2023_7_18_410705;4;113.0;2023-07-18
16913;24715;2023_7_18_738470;1;24.0;2023-07-18
16913;93349;2023_7_18_889807;6;171.0;2023-07-18
16913;93349;2023_7_18_133451;2;67.0;2023-07-18
39862;83242;2023_7_18_453744;5;109.0;2023-07-18
16913;93349;2023_7_18_547546;0;0.0;2023-07-18
97462;29187;2023_7_18_790574;6;185.0;2023-07-18
97462;83242;2023_7_18_934153;0;0.0;2023-07-18
23331;24715;2023_7_18_195987;7;133.0;2023-07-18
94465;29187;2023_7_18_259098;4;80.0;2023-07-18
23331;29187;2023_7_18_480218;3;104.0;2023-07-18
49343;32665;2023_7_18_311635;8;194.0;2023-07-18
49343;32665;2023_7_18_696670;1;17.0;2023-07-18
97462;29187;2023_7_18_802775;8;217.0;2023-07-18
16913;93349;2023_7_18_486447;5;121.0;2023-07-18
16913;32665;2023_7_18_358042;5;162.0;2023-07-18
97462;24715;2023_7_18_318565;0;0.0;2023-07-18
23331;24715;2023_7_18_526867;3;103.0;2023-07-18
16913;29187;2023_7_18_851422;5;149.0;2023-07-18
12728;93349;2023_7_18_365081;2;69.0;2023-07-18
84200;58218;2023_7_18_961665;4;84.0;2023-07-18
97462;58218;2023_7_18_273024;1;28.0;2023-07-18
79127;32665;2023_7_18_711816;3;102.0;2023-07-18
16913;83242;2023_7_18_904236;0;0.0;2023-07-18
84200;58218;2023_7_18_137363;9;168.0;2023-07-18
97462;24715;2023_7_18_178615;1;15.0;2023-07-18
97462;24715;2023_7_18_544568;6;167.0;2023-07-18
94465;83242;2023_7_18_236539;6;142.0;2023-07-18
79127;93349;2023_7_18_593379;1;25.0;2023-07-18
97462;24715;2023_7_18_502130;3;79.0;2023-07-18
23331;24715;2023_7_18_680355;1;28.0;2023-07-18
16913;32665;2023_7_18_611291;7;241.0;2023-07-18
84200;58218;2023_7_18_799677;0;0.0;2023-07-18
16913;58218;2023_7_18_139437;5;153.0;2023-07-18
16913;58218;2023_7_18_829627;5;121.0;2023-07-18
16913;93349;2023_7_18_639832;6;187.0;2023-07-18
97462;93349;2023_7_18_908711;3;108.0;2023-07-18
97462;83242;2023_7_18_521546;0;0.0;2023-07-18
12728;83242;2023_7_18_108588;3;111.0;2023-07-18
97462;93349;2023_7_18_988051;6;137.0;2023-07-18
97462;83242;2023_7_18_886014;5;157.0;2023-07-18
16913;24715;2023_7_18_257429;6;191.0;2023-07-18
97462;93349;2023_7_18_187220;3;61.0;2023-07-18
97462;83242;2023_7_18_516302;2;58.0;2023-07-18
16913;83242;2023_7_18_537132;0;0.0;2023-07-18
39862;58218;2023_7_18_271993;9;287.0;2023-07-18
16913;32665;2023_7_18_559826;1;17.0;2023-07-18
39862;24715;2023_7_18_205229;7;315.0;2023-07-18
97462;58218;2023_7_18_226368;8;227.0;2023-07-18
16913;58218;2023_7_18_110602;1;1.0;2023-07-18
49343;93349;2023_7_18_550731;3;78.0;2023-07-18
94465;24715;2023_7_18_575353;7;120.0;2023-07-18
79127;29187;2023_7_18_724943;8;253.0;2023-07-18
84200;29187;2023_7_18_304652;2;25.0;2023-07-18
84200;93349;2023_7_18_569849;0;0.0;2023-07-18
16913;24715;2023_7_18_958187;0;0.0;2023-07-18
97462;93349;2023_7_18_350762;5;103.0;2023-07-18
16913;93349;2023_7_18_831375;6;147.0;2023-07-18
49343;93349;2023_7_18_772158;3;102.0;2023-07-18
97462;32665;2023_7_18_365626;7;207.0;2023-07-18
97462;93349;2023_7_18_652005;7;142.0;2023-07-18
39862;93349;2023_7_18_635668;2;61.0;2023-07-18
97462;83242;2023_7_18_258569;6;159.0;2023-07-18
97462;24715;2023_7_18_645696;5;100.0;2023-07-18
84200;58218;2023_7_18_129862;0;0.0;2023-07-18
94465;32665;2023_7_18_764574;6;125.0;2023-07-18
49343;29187;2023_7_18_997211;7;252.0;2023-07-18
79127;29187;2023_7_18_121700;1;31.0;2023-07-18
84200;24715;2023_7_18_281053;8;194.0;2023-07-18
23331;29187;2023_7_18_257115;6;153.0;2023-07-18
39862;58218;2023_7_18_566104;5;146.0;2023-07-18
16913;32665;2023_7_18_913080;4;97.0;2023-07-18
16913;83242;2023_7_18_920405;6;190.0;2023-07-18
23331;32665;2023_7_18_995790;4;148.0;2023-07-18
16913;24715;2023_7_18_750938;7;173.0;2023-07-18
39862;93349;2023_7_18_882917;7;193.0;2023-07-18
97462;83242;2023_7_18_891288;7;212.0;2023-07-18
23331;93349;2023_7_18_221821;0;0.0;2023-07-18
79127;83242;2023_7_18_737480;1;36.0;2023-07-18
23331;29187;2023_7_18_490600;6;176.0;2023-07-18
94465;58218;2023_7_18_521840;7;186.0;2023-07-18
49343;83242;2023_7_18_224272;5;143.0;2023-07-18
16913;29187;2023_7_18_296770;2;31.0;2023-07-18
97462;24715;2023_7_18_286637;5;143.0;2023-07-18
12728;83242;2023_7_18_576469;4;115.0;2023-07-18
97462;93349;2023_7_18_522680;3;84.0;2023-07-18
16913;32665;2023_7_18_711133;6;161.0;2023-07-18
16913;58218;2023_7_18_780878;9;249.0;2023-07-18
16913;29187;2023_7_18_483105;6;171.0;2023-07-18
79127;58218;2023_7_18_264291;6;151.0;2023-07-18
97462;93349;2023_7_18_123445;8;235.0;2023-07-18
16913;58218;2023_7_18_479556;3;107.0;2023-07-18
97462;29187;2023_7_18_658108;8;229.0;2023-07-18
16913;58218;2023_7_18_776835;2;37.0;2023-07-18
49343;93349;2023_7_18_850393;6;113.0;2023-07-18
16913;58218;2023_7_18_949160;3;62.0;2023-07-18
23331;83242;2023_7_18_121187;7;195.0;2023-07-18
16913;32665;2023_7_18_174287;2;32.0;2023-07-18
79127;93349;2023_7_18_285175;8;239.0;2023-07-18
97462;58218;2023_7_18_823033;1;22.0;2023-07-18
97462;29187;2023_7_18_783886;8;155.0;2023-07-18
97462;58218;2023_7_18_993327;7;200.0;2023-07-18
94465;58218;2023_7_18_352031;5;136.0;2023-07-18
23331;83242;2023_7_18_701709;1;45.0;2023-07-18
39862;93349;2023_7_18_408394;8;218.0;2023-07-18
16913;32665;2023_7_18_155228;0;0.0;2023-07-18
39862;93349;2023_7_18_764709;2;77.0;2023-07-18
97462;58218;2023_7_18_336940;8;281.0;2023-07-18
97462;58218;2023_7_18_804662;8;212.0;2023-07-18
97462;24715;2023_7_18_796237;3;53.0;2023-07-18
49343;24715;2023_7_18_718077;7;178.0;2023-07-18
16913;93349;2023_7_18_426556;0;0.0;2023-07-18
23331;93349;2023_7_18_335057;8;186.0;2023-07-18
84200;32665;2023_7_18_712421;9;183.0;2023-07-18
16913;58218;2023_7_18_548231;1;43.0;2023-07-18
97462;93349;2023_7_18_700619;7;198.0;2023-07-18
16913;32665;2023_7_18_370184;7;153.0;2023-07-18
16913;93349;2023_7_18_456065;2;63.0;2023-07-18
49343;93349;2023_7_18_861420;0;0.0;2023-07-18
79127;93349;2023_7_18_751255;2;79.0;2023-07-18
94465;32665;2023_7_18_800616;8;201.0;2023-07-18
16913;83242;2023_7_18_665999;3;91.0;2023-07-18
97462;58218;2023_7_18_736173;4;89.0;2023-07-18
79127;93349;2023_7_18_316695;4;155.0;2023-07-18
16913;32665;2023_7_18_448140;6;170.0;2023-07-18
16913;83242;2023_7_18_942889;4;96.0;2023-07-18
79127;32665;2023_7_18_323256;2;56.0;2023-07-18
39862;24715;2023_7_18_156774;4;107.0;2023-07-18
97462;29187;2023_7_18_483901;0;0.0;2023-07-18
97462;83242;2023_7_18_262231;5;143.0;2023-07-18
16913;83242;2023_7_18_530097;1;9.0;2023-07-18
79127;29187;2023_7_18_986213;9;278.0;2023-07-18
16913;83242;2023_7_18_908823;3;47.0;2023-07-18
49343;29187;2023_7_18_496107;6;199.0;2023-07-18
16913;83242;2023_7_18_421645;4;110.0;2023-07-18
16913;93349;2023_7_18_401211;1;12.0;2023-07-18
84200;32665;2023_7_18_489122;1;3.0;2023-07-18
39862;24715;2023_7_18_659100;3;69.0;2023-07-18
79127;93349;2023_7_18_341071;0;0.0;2023-07-18
97462;93349;2023_7_18_673681;8;143.0;2023-07-18
16913;24715;2023_7_18_399972;4;178.0;2023-07-18
97462;58218;2023_7_18_649172;6;177.0;2023-07-18
16913;24715;2023_7_18_644362;3;87.0;2023-07-18
79127;58218;2023_7_18_659940;9;197.0;2023-07-18
97462;58218;2023_7_18_200786;4;114.0;2023-07-18
97462;83242;2023_7_18_397084;5;67.0;2023-07-18
39862;29187;2023_7_18_938275;3;61.0;2023-07-18
97462;29187;2023_7_18_744229;4;72.0;2023-07-18
94465;29187;2023_7_18_921489;7;187.0;2023-07-18
84200;93349;2023_7_18_608157;5;117.0;2023-07-18
16913;29187;2023_7_18_684404;0;0.0;2023-07-18
97462;83242;2023_7_18_593104;2;32.0;2023-07-18
16913;32665;2023_7_18_113641;5;144.0;2023-07-18
39862;58218;2023_7_18_755391;1;33.0;2023-07-18
79127;58218;2023_7_18_132520;8;263.0;2023-07-18
94465;93349;2023_7_18_466898;7;167.0;2023-07-18
97462;93349;2023_7_18_472657;3;35.0;2023-07-18
39862;93349;2023_7_18_392389;7;191.0;2023-07-18
97462;93349;2023_7_18_840625;7;182.0;2023-07-18
12728;58218;2023_7_18_955740;7;165.0;2023-07-18
23331;58218;2023_7_18_859422;6;169.0;2023-07-18
97462;24715;2023_7_18_352643;1;39.0;2023-07-18
97462;83242;2023_7_18_986135;4;96.0;2023-07-18
97462;93349;2023_7_18_819283;1;32.0;2023-07-18
97462;24715;2023_7_18_425575;4;38.0;2023-07-18
49343;83242;2023_7_18_617982;6;153.0;2023-07-18
16913;24715;2023_7_18_473165;4;114.0;2023-07-18
97462;32665;2023_7_18_842137;4;111.0;2023-07-18
97462;58218;2023_7_18_103749;9;191.0;2023-07-18
16913;29187;2023_7_18_673060;3;96.0;2023-07-18
39862;58218;2023_7_18_101257;5;116.0;2023-07-18
16913;93349;2023_7_18_424825;9;326.0;2023-07-18
16913;58218;2023_7_18_397551;6;199.0;2023-07-18
16913;93349;2023_7_18_704897;2;29.0;2023-07-18
39862;58218;2023_7_18_482889;0;0.0;2023-07-18
97462;32665;2023_7_18_916405;2;20.0;2023-07-18
16913;58218;2023_7_18_628736;4;112.0;2023-07-18
97462;29187;2023_7_18_810988;8;194.0;2023-07-18
16913;93349;2023_7_18_273078;5;177.0;2023-07-18
97462;24715;2023_7_18_838095;5;145.0;2023-07-18
97462;93349;2023_7_18_642035;1;3.0;2023-07-18
97462;58218;2023_7_18_524593;3;41.0;2023-07-18
39862;93349;2023_7_18_561744;7;131.0;2023-07-18
16913;58218;2023_7_18_862234;5;101.0;2023-07-18
16913;93349;2023_7_18_135730;8;247.0;2023-07-18
97462;29187;2023_7_18_961773;5;185.0;2023-07-18
97462;29187;2023_7_18_549120;4;106.0;2023-07-18
84200;83242;2023_7_18_681973;3;76.0;2023-07-18
16913;93349;2023_7_18_920120;7;190.0;2023-07-18
16913;93349;2023_7_18_942812;7;167.0;2023-07-18
16913;32665;2023_7_18_277966;7;212.0;2023-07-18
16913;83242;2023_7_18_606063;0;0.0;2023-07-18
79127;93349;2023_7_18_465954;8;213.0;2023-07-18
97462;29187;2023_7_18_620616;9;212.0;2023-07-18
94465;83242;2023_7_18_104037;0;0.0;2023-07-18
97462;32665;2023_7_18_783468;0;0.0;2023-07-18
16913;32665;2023_7_18_154579;7;181.0;2023-07-18
84200;83242;2023_7_18_287982;2;83.0;2023-07-18
39862;24715;2023_7_18_612234;6;170.0;2023-07-18
79127;24715;2023_7_18_877860;4;84.0;2023-07-18
23331;32665;2023_7_18_511764;0;0.0;2023-07-18
16913;93349;2023_7_18_408516;6;148.0;2023-07-18
23331;32665;2023_7_18_823720;1;17.0;2023-07-18
97462;83242;2023_7_18_270093;4;123.0;2023-07-18
97462;93349;2023_7_18_637395;9;284.0;2023-07-18
16913;93349;2023_7_18_430956;6;110.0;2023-07-18
49343;93349;2023_7_18_237031;1;43.0;2023-07-18
79127;24715;2023_7_18_633380;2;38.0;2023-07-18
97462;93349;2023_7_18_174226;3;115.0;2023-07-18
16913;93349;2023_7_18_485567;4;119.0;2023-07-18
84200;24715;2023_7_18_152452;4;135.0;2023-07-18
39862;58218;2023_7_18_678423;1;43.0;2023-07-18
79127;24715;2023_7_18_403806;3;74.0;2023-07-18
16913;83242;2023_7_18_983373;1;11.0;2023-07-18
16913;24715;2023_7_18_690373;2;45.0;2023-07-18
49343;93349;2023_7_18_408557;1;43.0;2023-07-18
16913;32665;2023_7_18_372097;5;95.0;2023-07-18
94465;83242;2023_7_18_375589;0;0.0;2023-07-18
97462;32665;2023_7_18_266894;1;50.0;2023-07-18
97462;93349;2023_7_18_678105;6;168.0;2023-07-18
16913;24715;2023_7_18_821350;2;76.0;2023-07-18
12728;83242;2023_7_18_825664;5;128.0;2023-07-18
16913;32665;2023_7_18_906851;3;74.0;2023-07-18
97462;58218;2023_7_18_200958;2;56.0;2023-07-18
39862;93349;2023_7_18_755609;4;114.0;2023-07-18
39862;24715;2023_7_18_481967;1;32.0;2023-07-18
49343;58218;2023_7_18_396985;1;36.0;2023-07-18
79127;93349;2023_7_18_630043;5;70.0;2023-07-18
84200;24715;2023_7_18_617124;4;123.0;2023-07-18
23331;24715;2023_7_18_766031;8;223.0;2023-07-18
16913;58218;2023_7_18_135421;6;175.0;2023-07-18
97462;24715;2023_7_18_745729;1;25.0;2023-07-18
39862;32665;2023_7_18_938422;1;50.0;2023-07-18
84200;32665;2023_7_18_359737;8;201.0;2023-07-18
39862;24715;2023_7_18_420962;7;171.0;2023-07-18
39862;29187;2023_7_18_835792;7;204.0;2023-07-18
97462;24715;2023_7_18_834543;1;17.0;2023-07-18
79127;32665;2023_7_18_410930;3;74.0;2023-07-18
16913;58218;2023_7_18_369314;3;70.0;2023-07-18
49343;24715;2023_7_18_463036;6;154.0;2023-07-18
16913;93349;2023_7_18_336399;0;0.0;2023-07-18
16913;58218;2023_7_18_216752;9;196.0;2023-07-18
16913;32665;2023_7_18_465175;0;0.0;2023-07-18
97462;32665;2023_7_18_205650;3;62.0;2023-07-18
39862;93349;2023_7_18_997970;1;3.0;2023-07-18
97462;24715;2023_7_18_286958;1;3.0;2023-07-18
97462;58218;2023_7_18_768904;6;167.0;2023-07-18
16913;32665;2023_7_18_559617;7;249.0;2023-07-18
39862;58218;2023_7_18_922358;1;34.0;2023-07-18
97462;24715;2023_7_18_221178;6;155.0;2023-07-18
97462;24715;2023_7_18_350687;3;114.0;2023-07-18
16913;29187;2023_7_18_550542;3;56.0;2023-07-18
16913;32665;2023_7_18_526929;4;153.0;2023-07-18
16913;83242;2023_7_18_964851;9;267.0;2023-07-18
39862;32665;2023_7_18_149838;3;116.0;2023-07-18
97462;93349;2023_7_18_439162;0;0.0;2023-07-18
16913;24715;2023_7_18_100930;2;93.0;2023-07-18
79127;29187;2023_7_18_292034;5;111.0;2023-07-18
16913;24715;2023_7_18_814179;2;53.0;2023-07-18
16913;32665;2023_7_18_487090;8;129.0;2023-07-18
16913;29187;2023_7_18_868998;8;176.0;2023-07-18
97462;32665;2023_7_18_117129;6;162.0;2023-07-18
94465;58218;2023_7_18_675016;0;0.0;2023-07-18
97462;58218;2023_7_18_660813;8;235.0;2023-07-18
97462;93349;2023_7_18_830040;1;50.0;2023-07-18
16913;93349;2023_7_18_570323;2;66.0;2023-07-18
97462;93349;2023_7_18_857572;4;119.0;2023-07-18
23331;83242;2023_7_18_473483;7;198.0;2023-07-18
23331;58218;2023_7_18_944337;3;72.0;2023-07-18
16913;93349;2023_7_18_689345;9;176.0;2023-07-18
97462;83242;2023_7_18_979682;4;67.0;2023-07-18
94465;93349;2023_7_18_846765;3;83.0;2023-07-18
16913;29187;2023_7_18_417368;5;151.0;2023-07-18
39862;93349;2023_7_18_198543;1;36.0;2023-07-18
97462;24715;2023_7_18_625131;5;131.0;2023-07-18
12728;93349;2023_7_18_111210;1;41.0;2023-07-18
97462;58218;2023_7_18_795862;6;137.0;2023-07-18
79127;32665;2023_7_18_861129;4;107.0;2023-07-18
39862;24715;2023_7_18_799884;4;75.0;2023-07-18
23331;93349;2023_7_18_123732;7;202.0;2023-07-18
97462;83242;2023_7_18_446328;4;119.0;2023-07-18
16913;24715;2023_7_18_147062;4;105.0;2023-07-18
39862;83242;2023_7_18_905532;6;110.0;2023-07-18
23331;58218;2023_7_18_522295;0;0.0;2023-07-18
79127;93349;2023_7_18_790634;8;227.0;2023-07-18
97462;29187;2023_7_18_239519;0;0.0;2023-07-18
23331;32665;2023_7_18_362158;8;191.0;2023-07-18
97462;58218;2023_7_18_149350;0;0.0;2023-07-18
49343;93349;2023_7_18_516401;7;177.0;2023-07-18
97462;93349;2023_7_18_936798;4;81.0;2023-07-18
16913;24715;2023_7_18_448537;0;0.0;2023-07-18
97462;24715;2023_7_18_640815;7;241.0;2023-07-18
97462;58218;2023_7_18_714773;2;20.0;2023-07-18
97462;24715;2023_7_18_260137;5;140.0;2023-07-18
23331;29187;2023_7_18_425810;1;34.0;2023-07-18
16913;93349;2023_7_18_638865;7;195.0;2023-07-18
39862;24715;2023_7_18_488631;4;138.0;2023-07-18
79127;93349;2023_7_18_814081;3;81.0;2023-07-18
23331;58218;2023_7_18_519129;6;103.0;2023-07-18
97462;83242;2023_7_18_283376;2;68.0;2023-07-18
16913;83242;2023_7_18_986053;3;111.0;2023-07-18
39862;83242;2023_7_18_671717;7;144.0;2023-07-18
97462;58218;2023_7_18_212658;8;278.0;2023-07-18
49343;24715;2023_7_18_533919;2;72.0;2023-07-18
97462;24715;2023_7_18_951323;3;103.0;2023-07-18
79127;29187;2023_7_18_590884;0;0.0;2023-07-18
49343;93349;2023_7_18_288500;4;108.0;2023-07-18
23331;24715;2023_7_18_138423;3;63.0;2023-07-18
97462;93349;2023_7_18_759085;7;176.0;2023-07-18
79127;83242;2023_7_18_167447;6;200.0;2023-07-18
12728;29187;2023_7_18_786786;1;36.0;2023-07-18
79127;32665;2023_7_18_551905;1;37.0;2023-07-18
39862;83242;2023_7_18_351574;4;110.0;2023-07-18
79127;93349;2023_7_18_775644;4;117.0;2023-07-18
39862;24715;2023_7_18_352338;4;98.0;2023-07-18
97462;93349;2023_7_18_407536;0;0.0;2023-07-18
97462;29187;2023_7_18_468398;2;46.0;2023-07-18
39862;24715;2023_7_18_345813;1;1.0;2023-07-18
97462;32665;2023_7_18_656003;7;221.0;2023-07-18
97462;32665;2023_7_18_399124;6;185.0;2023-07-18
97462;58218;2023_7_18_792316;5;116.0;2023-07-18
84200;58218;2023_7_18_292895;4;125.0;2023-07-18
39862;24715;2023_7_18_610769;0;0.0;2023-07-18
39862;83242;2023_7_18_567402;4;139.0;2023-07-18
16913;83242;2023_7_18_553271;4;120.0;2023-07-18
23331;58218;2023_7_18_965394;8;242.0;2023-07-18
23331;32665;2023_7_18_338286;3;71.0;2023-07-18
23331;24715;2023_7_18_300394;5;93.0;2023-07-18
84200;24715;2023_7_18_646242;5;133.0;2023-07-18
23331;32665;2023_7_18_239653;8;178.0;2023-07-18
16913;24715;2023_7_18_730682;4;112.0;2023-07-18
79127;24715;2023_7_18_351918;2;49.0;2023-07-18
23331;24715;2023_7_18_746976;3;81.0;2023-07-18
23331;83242;2023_7_18_680758;0;0.0;2023-07-18
16913;24715;2023_7_18_838693;7;211.0;2023-07-18
23331;29187;2023_7_18_851541;0;0.0;2023-07-18
39862;24715;2023_7_18_481192;4;99.0;2023-07-18
79127;83242;2023_7_18_321154;6;153.0;2023-07-18
16913;24715;2023_7_18_473780;0;0.0;2023-07-18
39862;24715;2023_7_18_152403;4;104.0;2023-07-18
16913;58218;2023_7_18_710844;6;155.0;2023-07-18
39862;24715;2023_7_18_901229;0;0.0;2023-07-18
39862;93349;2023_7_18_199380;5;104.0;2023-07-18
16913;29187;2023_7_18_403183;0;0.0;2023-07-18
23331;58218;2023_7_18_868299;7;129.0;2023-07-18
94465;24715;2023_7_18_810133;1;28.0;2023-07-18
16913;93349;2023_7_18_416862;5;204.0;2023-07-18
49343;24715;2023_7_18_271325;9;233.0;2023-07-18
94465;83242;2023_7_18_266986;4;117.0;2023-07-18
79127;29187;2023_7_18_419072;5;155.0;2023-07-18
84200;24715;2023_7_18_604419;1;34.0;2023-07-18
16913;24715;2023_7_18_309554;5;140.0;2023-07-18
84200;24715;2023_7_18_913373;7;142.0;2023-07-18
39862;58218;2023_7_18_671202;5;182.0;2023-07-18
16913;83242;2023_7_18_270906;0;0.0;2023-07-18
16913;83242;2023_7_18_532049;6;158.0;2023-07-18
97462;29187;2023_7_18_808972;0;0.0;2023-07-18
79127;58218;2023_7_18_363663;3;78.0;2023-07-18
97462;24715;2023_7_18_786578;5;130.0;2023-07-18
97462;32665;2023_7_18_833063;6;161.0;2023-07-18
39862;24715;2023_7_18_555533;2;31.0;2023-07-18
97462;83242;2023_7_18_208441;3;70.0;2023-07-18
97462;58218;2023_7_18_794146;1;15.0;2023-07-18
79127;58218;2023_7_18_787075;2;12.0;2023-07-18
97462;24715;2023_7_18_834790;0;0.0;2023-07-18
97462;93349;2023_7_18_986660;1;36.0;2023-07-18
16913;24715;2023_7_18_146761;5;117.0;2023-07-18
16913;83242;2023_7_18_188879;7;214.0;2023-07-18
97462;24715;2023_7_18_992051;8;232.0;2023-07-18
12728;29187;2023_7_18_559971;5;163.0;2023-07-18
16913;83242;2023_7_18_845050;1;34.0;2023-07-18
79127;24715;2023_7_18_344495;5;146.0;2023-07-18
97462;93349;2023_7_18_204746;2;68.0;2023-07-18
49343;24715;2023_7_18_664578;2;50.0;2023-07-18
97462;32665;2023_7_18_702944;8;226.0;2023-07-18
39862;24715;2023_7_18_155881;0;0.0;2023-07-18
94465;93349;2023_7_18_360650;5;141.0;2023-07-18
94465;29187;2023_7_18_426114;0;0.0;2023-07-18
97462;93349;2023_7_18_753552;2;44.0;2023-07-18
16913;32665;2023_7_18_170357;6;105.0;2023-07-18
97462;58218;2023_7_18_227634;7;161.0;2023-07-18
84200;58218;2023_7_18_719408;3;109.0;2023-07-18
39862;93349;2023_7_18_733959;2;6.0;2023-07-18
94465;58218;2023_7_18_274914;4;99.0;2023-07-18
39862;32665;2023_7_18_159082;5;126.0;2023-07-18
97462;24715;2023_7_18_754546;7;179.0;2023-07-18
23331;83242;2023_7_18_556671;4;70.0;2023-07-18
16913;83242;2023_7_18_109564;8;178.0;2023-07-18
39862;58218;2023_7_18_797359;7;185.0;2023-07-18
16913;83242;2023_7_18_103417;2;93.0;2023-07-18
94465;93349;2023_7_18_392793;1;31.0;2023-07-18
97462;24715;2023_7_18_158934;5;103.0;2023-07-18
79127;32665;2023_7_18_702154;1;31.0;2023-07-18
97462;58218;2023_7_18_968737;1;35.0;2023-07-18
16913;83242;2023_7_18_989461;3;97.0;2023-07-18
97462;24715;2023_7_18_851175;0;0.0;2023-07-18
23331;24715;2023_7_18_683886;2;33.0;2023-07-18
79127;58218;2023_7_18_608864;0;0.0;2023-07-18
97462;24715;2023_7_18_124762;2;31.0;2023-07-18
16913;93349;2023_7_18_516440;4;85.0;2023-07-18
16913;24715;2023_7_18_853638;1;46.0;2023-07-18
16913;58218;2023_7_18_828748;7;231.0;2023-07-18
12728;24715;2023_7_18_751023;4;78.0;2023-07-18
97462;32665;2023_7_18_347326;6;200.0;2023-07-18
16913;29187;2023_7_18_720546;3;86.0;2023-07-18
16913;24715;2023_7_18_519753;3;73.0;2023-07-18
79127;24715;2023_7_18_502643;7;206.0;2023-07-18
97462;32665;2023_7_18_975194;8;213.0;2023-07-18
79127;29187;2023_7_18_555627;2;26.0;2023-07-18
79127;58218;2023_7_18_533270;6;161.0;2023-07-18
16913;83242;2023_7_18_651127;3;118.0;2023-07-18
97462;29187;2023_7_18_181371;5;122.0;2023-07-18
97462;58218;2023_7_18_966465;6;166.0;2023-07-18
97462;93349;2023_7_18_440532;6;121.0;2023-07-18
12728;32665;2023_7_18_993450;8;205.0;2023-07-18
39862;93349;2023_7_18_158584;0;0.0;2023-07-18
97462;58218;2023_7_18_981862;0;0.0;2023-07-18
97462;93349;2023_7_18_336726;6;190.0;2023-07-18
16913;32665;2023_7_18_113325;3;75.0;2023-07-18
23331;58218;2023_7_18_758109;3;44.0;2023-07-18
39862;58218;2023_7_18_321950;7;245.0;2023-07-18
97462;58218;2023_7_18_995322;7;158.0;2023-07-18
97462;32665;2023_7_18_751827;7;160.0;2023-07-18
23331;83242;2023_7_18_338074;1;46.0;2023-07-18
16913;32665;2023_7_18_645392;1;23.0;2023-07-18
16913;29187;2023_7_18_834056;3;124.0;2023-07-18
97462;58218;2023_7_18_929334;0;0.0;2023-07-18
23331;93349;2023_7_18_901809;6;181.0;2023-07-18
23331;24715;2023_7_18_897872;3;69.0;2023-07-18
84200;93349;2023_7_18_421317;5;177.0;2023-07-18
16913;24715;2023_7_18_790473;3;66.0;2023-07-18
16913;24715;2023_7_18_623879;5;134.0;2023-07-18
79127;93349;2023_7_18_182696;3;92.0;2023-07-18
16913;93349;2023_7_18_714015;4;115.0;2023-07-18
39862;93349;2023_7_18_403032;4;69.0;2023-07-18
97462;24715;2023_7_18_245025;5;164.0;2023-07-18
79127;24715;2023_7_18_316147;7;194.0;2023-07-18
16913;32665;2023_7_18_255398;7;155.0;2023-07-18
97462;83242;2023_7_18_312792;7;207.0;2023-07-18
84200;93349;2023_7_18_230541;0;0.0;2023-07-18
97462;24715;2023_7_18_472895;3;89.0;2023-07-18
79127;93349;2023_7_18_520060;7;200.0;2023-07-18
16913;93349;2023_7_18_516536;3;74.0;2023-07-18
16913;32665;2023_7_18_518158;3;81.0;2023-07-18
97462;58218;2023_7_18_518866;8;272.0;2023-07-18
23331;58218;2023_7_18_453470;9;281.0;2023-07-18
97462;24715;2023_7_18_787554;1;34.0;2023-07-18
23331;24715;2023_7_18_403989;4;85.0;2023-07-18
39862;24715;2023_7_18_429379;7;242.0;2023-07-18
97462;93349;2023_7_18_179606;0;0.0;2023-07-18
97462;93349;2023_7_18_920764;8;241.0;2023-07-18
97462;29187;2023_7_18_816853;9;238.0;2023-07-18
97462;83242;2023_7_18_581793;7;180.0;2023-07-18
16913;24715;2023_7_18_633535;2;66.0;2023-07-18
16913;24715;2023_7_18_726629;6;173.0;2023-07-18
16913;32665;2023_7_18_620837;3;44.0;2023-07-18
23331;58218;2023_7_18_131584;1;28.0;2023-07-18
23331;83242;2023_7_18_863584;2;54.0;2023-07-18
39862;24715;2023_7_18_858003;2;79.0;2023-07-18
97462;32665;2023_7_18_370672;5;93.0;2023-07-18
23331;58218;2023_7_18_815483;0;0.0;2023-07-18
49343;29187;2023_7_18_497183;6;203.0;2023-07-18
84200;24715;2023_7_18_121637;5;107.0;2023-07-18
23331;93349;2023_7_18_722877;5;88.0;2023-07-18
39862;32665;2023_7_18_201753;1;22.0;2023-07-18
97462;32665;2023_7_18_945879;8;257.0;2023-07-18
39862;93349;2023_7_18_394209;9;230.0;2023-07-18
94465;32665;2023_7_18_109044;3;23.0;2023-07-18
97462;93349;2023_7_18_474200;3;106.0;2023-07-18
97462;83242;2023_7_18_260526;3;110.0;2023-07-18
16913;83242;2023_7_18_121131;6;187.0;2023-07-18
97462;93349;2023_7_18_779048;1;11.0;2023-07-18
94465;83242;2023_7_18_613794;5;186.0;2023-07-18
97462;29187;2023_7_18_910867;7;178.0;2023-07-18
23331;83242;2023_7_18_376663;4;88.0;2023-07-18
12728;93349;2023_7_18_157959;8;166.0;2023-07-18
23331;58218;2023_7_18_491581;1;9.0;2023-07-18
79127;83242;2023_7_18_826092;4;124.0;2023-07-18
84200;58218;2023_7_18_336868;6;125.0;2023-07-18
39862;24715;2023_7_18_603857;3;100.0;2023-07-18
16913;24715;2023_7_18_917946;7;186.0;2023-07-18
97462;24715;2023_7_18_612127;6;181.0;2023-07-18
97462;24715;2023_7_18_630601;3;126.0;2023-07-18
97462;83242;2023_7_18_435097;8;214.0;2023-07-18
39862;83242;2023_7_18_673858;2;34.0;2023-07-18
97462;93349;2023_7_18_962994;8;253.0;2023-07-18
16913;24715;2023_7_18_587239;0;0.0;2023-07-18
23331;24715;2023_7_18_952670;9;248.0;2023-07-18
12728;93349;2023_7_18_570515;7;183.0;2023-07-18
39862;58218;2023_7_18_798387;0;0.0;2023-07-18
97462;32665;2023_7_18_197592;5;135.0;2023-07-18
16913;93349;2023_7_18_711125;7;194.0;2023-07-18
97462;58218;2023_7_18_566348;7;208.0;2023-07-18
16913;32665;2023_7_18_770073;0;0.0;2023-07-18
16913;29187;2023_7_18_834785;8;232.0;2023-07-18
84200;24715;2023_7_18_781757;9;198.0;2023-07-18
97462;58218;2023_7_18_931636;1;25.0;2023-07-18
23331;93349;2023_7_18_422311;6;102.0;2023-07-18
16913;32665;2023_7_18_658356;3;96.0;2023-07-18
97462;93349;2023_7_18_672075;6;153.0;2023-07-18
16913;93349;2023_7_18_431156;2;69.0;2023-07-18
39862;93349;2023_7_18_828130;8;257.0;2023-07-18
16913;29187;2023_7_18_436434;1;17.0;2023-07-18
16913;58218;2023_7_18_264548;4;112.0;2023-07-18
39862;32665;2023_7_18_827847;2;50.0;2023-07-18
79127;93349;2023_7_18_683911;9;305.0;2023-07-18
79127;58218;2023_7_18_913745;6;113.0;2023-07-18
97462;93349;2023_7_18_999001;7;210.0;2023-07-18
97462;24715;2023_7_18_139757;6;191.0;2023-07-18
97462;32665;2023_7_18_433676;1;45.0;2023-07-18
39862;93349;2023_7_18_423201;6;156.0;2023-07-18
23331;93349;2023_7_18_973820;6;190.0;2023-07-18
84200;93349;2023_7_18_251426;2;38.0;2023-07-18
16913;24715;2023_7_18_537287;5;105.0;2023-07-18
16913;29187;2023_7_18_821377;6;130.0;2023-07-18
97462;83242;2023_7_18_120027;0;0.0;2023-07-18
97462;93349;2023_7_18_687807;9;196.0;2023-07-18
97462;24715;2023_7_18_942192;8;225.0;2023-07-18
23331;24715;2023_7_18_922288;7;157.0;2023-07-18
79127;32665;2023_7_18_984434;0;0.0;2023-07-18
97462;93349;2023_7_18_968873;7;257.0;2023-07-18
97462;29187;2023_7_18_728347;1;37.0;2023-07-18
16913;93349;2023_7_18_150697;4;50.0;2023-07-18
94465;93349;2023_7_18_456860;7;200.0;2023-07-18
16913;93349;2023_7_18_921561;1;21.0;2023-07-18
97462;58218;2023_7_18_610045;2;54.0;2023-07-18
16913;58218;2023_7_18_166384;5;186.0;2023-07-18
16913;29187;2023_7_18_286338;1;28.0;2023-07-18
84200;83242;2023_7_18_753949;7;191.0;2023-07-18
97462;32665;2023_7_18_526734;5;103.0;2023-07-18
94465;32665;2023_7_18_622699;7;215.0;2023-07-18
97462;24715;2023_7_18_505329;6;187.0;2023-07-18
97462;83242;2023_7_18_247453;1;25.0;2023-07-18
16913;93349;2023_7_18_553549;3;78.0;2023-07-18
97462;93349;2023_7_18_810930;1;20.0;2023-07-18
16913;29187;2023_7_18_668518;7;164.0;2023-07-18
16913;32665;2023_7_18_744665;4;111.0;2023-07-18
97462;24715;2023_7_18_150395;5;76.0;2023-07-18
39862;83242;2023_7_18_636839;3;85.0;2023-07-18
84200;83242;2023_7_18_980140;6;160.0;2023-07-18
23331;58218;2023_7_18_765229;7;257.0;2023-07-18
16913;83242;2023_7_18_722187;1;43.0;2023-07-18
97462;24715;2023_7_18_104791;3;127.0;2023-07-18
97462;93349;2023_7_18_993369;7;210.0;2023-07-18
94465;24715;2023_7_18_935602;1;43.0;2023-07-18
79127;58218;2023_7_18_399148;8;226.0;2023-07-18
39862;29187;2023_7_18_638573;0;0.0;2023-07-18
97462;58218;2023_7_18_941933;7;185.0;2023-07-18
97462;93349;2023_7_18_760794;1;25.0;2023-07-18
16913;93349;2023_7_18_690903;5;168.0;2023-07-18
39862;93349;2023_7_18_220126;5;99.0;2023-07-18
97462;58218;2023_7_18_779299;7;181.0;2023-07-18
16913;83242;2023_7_18_621530;4;137.0;2023-07-18
84200;83242;2023_7_18_323054;5;82.0;2023-07-18
49343;93349;2023_7_18_565388;7;163.0;2023-07-18
23331;58218;2023_7_18_185041;6;145.0;2023-07-18
49343;83242;2023_7_18_904896;4;80.0;2023-07-18
84200;83242;2023_7_18_851267;5;142.0;2023-07-18
84200;24715;2023_7_18_105604;0;0.0;2023-07-18
97462;58218;2023_7_18_641740;5;94.0;2023-07-18
97462;24715;2023_7_18_370533;1;1.0;2023-07-18
97462;93349;2023_7_18_585750;6;142.0;2023-07-18
97462;32665;2023_7_18_782947;1;34.0;2023-07-18
97462;83242;2023_7_18_208144;5;117.0;2023-07-18
97462;32665;2023_7_18_294847;6;130.0;2023-07-18
16913;32665;2023_7_18_273480;3;58.0;2023-07-18
94465;24715;2023_7_18_395966;8;212.0;2023-07-18
16913;24715;2023_7_18_495601;1;10.0;2023-07-18
16913;29187;2023_7_18_547424;4;72.0;2023-07-18
16913;93349;2023_7_18_730764;8;175.0;2023-07-18
16913;93349;2023_7_18_792215;6;113.0;2023-07-18
97462;24715;2023_7_18_451085;6;170.0;2023-07-18
16913;93349;2023_7_18_761327;5;151.0;2023-07-18
97462;93349;2023_7_18_434958;1;22.0;2023-07-18
97462;83242;2023_7_18_868650;3;91.0;2023-07-18
97462;24715;2023_7_18_610140;2;29.0;2023-07-18
16913;93349;2023_7_18_471997;7;177.0;2023-07-18
16913;32665;2023_7_18_141219;8;190.0;2023-07-18
97462;83242;2023_7_18_731622;4;118.0;2023-07-18
16913;83242;2023_7_18_921989;7;173.0;2023-07-18
97462;29187;2023_7_18_905997;8;177.0;2023-07-18
16913;32665;2023_7_18_470066;4;115.0;2023-07-18
23331;93349;2023_7_18_282035;0;0.0;2023-07-18
39862;93349;2023_7_18_727252;1;2.0;2023-07-18
97462;93349;2023_7_18_552971;6;143.0;2023-07-18
39862;58218;2023_7_18_787789;0;0.0;2023-07-18
49343;32665;2023_7_18_868348;4;106.0;2023-07-18
16913;93349;2023_7_18_320587;1;22.0;2023-07-18
23331;32665;2023_7_18_366703;5;131.0;2023-07-18
49343;29187;2023_7_18_731151;7;189.0;2023-07-18
39862;83242;2023_7_18_949013;2;54.0;2023-07-18
97462;93349;2023_7_18_458682;0;0.0;2023-07-18
97462;24715;2023_7_18_858613;6;197.0;2023-07-18
16913;93349;2023_7_18_990089;3;69.0;2023-07-18
23331;93349;2023_7_18_553207;5;128.0;2023-07-18
97462;83242;2023_7_18_731495;4;82.0;2023-07-18
97462;93349;2023_7_18_580500;7;219.0;2023-07-18
12728;83242;2023_7_18_325748;7;212.0;2023-07-18
94465;32665;2023_7_18_666959;0;0.0;2023-07-18
94465;93349;2023_7_18_831758;4;101.0;2023-07-18
16913;32665;2023_7_18_665963;7;164.0;2023-07-18
97462;83242;2023_7_18_929825;2;18.0;2023-07-18
39862;32665;2023_7_18_193280;2;55.0;2023-07-18
16913;24715;2023_7_18_954144;6;154.0;2023-07-18
39862;58218;2023_7_18_648438;4;118.0;2023-07-18
97462;83242;2023_7_18_594010;6;148.0;2023-07-18
23331;29187;2023_7_18_478867;0;0.0;2023-07-18
94465;32665;2023_7_18_640371;3;109.0;2023-07-18
12728;93349;2023_7_18_912976;3;30.0;2023-07-18
39862;58218;2023_7_18_287189;8;187.0;2023-07-18
97462;93349;2023_7_18_889011;8;188.0;2023-07-18
16913;58218;2023_7_18_171843;7;208.0;2023-07-18
12728;58218;2023_7_18_749908;8;234.0;2023-07-18
79127;24715;2023_7_18_769774;9;248.0;2023-07-18
23331;58218;2023_7_18_186880;7;190.0;2023-07-18
39862;83242;2023_7_18_871620;7;122.0;2023-07-18
49343;93349;2023_7_18_734086;8;174.0;2023-07-18
23331;93349;2023_7_18_960997;4;147.0;2023-07-18
97462;83242;2023_7_18_632558;5;109.0;2023-07-18
97462;29187;2023_7_18_304497;7;266.0;2023-07-18
84200;93349;2023_7_18_829232;2;36.0;2023-07-18
16913;24715;2023_7_18_450550;4;106.0;2023-07-18
97462;58218;2023_7_18_655603;9;203.0;2023-07-18
97462;93349;2023_7_18_504561;9;282.0;2023-07-18
97462;32665;2023_7_18_632958;4;109.0;2023-07-18
23331;83242;2023_7_18_466065;1;31.0;2023-07-18
39862;24715;2023_7_18_749854;5;154.0;2023-07-18
23331;58218;2023_7_18_295796;6;176.0;2023-07-18
97462;29187;2023_7_18_592203;4;118.0;2023-07-18
39862;29187;2023_7_18_171395;4;79.0;2023-07-18
23331;24715;2023_7_18_720675;4;78.0;2023-07-18
16913;83242;2023_7_18_758120;0;0.0;2023-07-18
39862;32665;2023_7_18_664982;1;27.0;2023-07-18
97462;93349;2023_7_18_513594;7;176.0;2023-07-18
97462;93349;2023_7_18_411274;7;209.0;2023-07-18
16913;93349;2023_7_18_900375;9;241.0;2023-07-18
97462;32665;2023_7_18_875745;5;191.0;2023-07-18
16913;24715;2023_7_18_982347;6;152.0;2023-07-18
23331;29187;2023_7_18_773826;5;104.0;2023-07-18
97462;93349;2023_7_18_611324;5;167.0;2023-07-18
97462;83242;2023_7_18_143794;7;164.0;2023-07-18
16913;58218;2023_7_18_272224;4;79.0;2023-07-18
84200;58218;2023_7_18_514238;6;136.0;2023-07-18
79127;93349;2023_7_18_608868;3;53.0;2023-07-18
97462;24715;2023_7_18_269820;8;198.0;2023-07-18
97462;32665;2023_7_18_772254;5;131.0;2023-07-18
23331;29187;2023_7_18_701225;3;46.0;2023-07-18
84200;32665;2023_7_18_945937;6;168.0;2023-07-18
97462;24715;2023_7_18_705670;6;188.0;2023-07-18
16913;29187;2023_7_18_293573;0;0.0;2023-07-18
16913;93349;2023_7_18_709059;1;3.0;2023-07-18
97462;32665;2023_7_18_904157;5;112.0;2023-07-18
16913;32665;2023_7_18_470764;7;206.0;2023-07-18
84200;58218;2023_7_18_571975;4;105.0;2023-07-18
23331;93349;2023_7_18_508820;7;250.0;2023-07-18
97462;29187;2023_7_18_974439;4;90.0;2023-07-18
97462;24715;2023_7_18_473415;2;61.0;2023-07-18
39862;93349;2023_7_18_214016;6;211.0;2023-07-18
94465;93349;2023_7_18_663031;0;0.0;2023-07-18
16913;93349;2023_7_18_600049;7;122.0;2023-07-18
16913;58218;2023_7_18_368778;0;0.0;2023-07-18
23331;93349;2023_7_18_913078;9;225.0;2023-07-18
97462;83242;2023_7_18_510424;5;94.0;2023-07-18
97462;83242;2023_7_18_856216;4;130.0;2023-07-18
97462;83242;2023_7_18_378664;0;0.0;2023-07-18
23331;32665;2023_7_18_196367;5;187.0;2023-07-18
94465;58218;2023_7_18_142203;8;219.0;2023-07-18
12728;58218;2023_7_18_888976;5;89.0;2023-07-18
79127;93349;2023_7_18_898698;0;0.0;2023-07-18
39862;93349;2023_7_18_707993;5;92.0;2023-07-18
94465;24715;2023_7_18_586162;7;146.0;2023-07-18
16913;29187;2023_7_18_886161;6;225.0;2023-07-18
16913;93349;2023_7_18_344138;1;31.0;2023-07-18
97462;32665;2023_7_18_961976;3;105.0;2023-07-18
16913;93349;2023_7_18_285396;4;89.0;2023-07-18
16913;24715;2023_7_18_971627;8;255.0;2023-07-18
97462;32665;2023_7_18_410133;7;156.0;2023-07-18
23331;93349;2023_7_18_307500;1;17.0;2023-07-18
39862;24715;2023_7_18_984155;5;143.0;2023-07-18
97462;24715;2023_7_18_426703;5;81.0;2023-07-18
97462;58218;2023_7_18_600343;6;172.0;2023-07-18
49343;32665;2023_7_18_732706;3;121.0;2023-07-18
23331;32665;2023_7_18_285208;2;66.0;2023-07-18
84200;93349;2023_7_18_858259;9;249.0;2023-07-18
16913;32665;2023_7_18_345714;3;63.0;2023-07-18
79127;58218;2023_7_18_385769;6;176.0;2023-07-18
39862;58218;2023_7_18_451570;3;87.0;2023-07-18
23331;58218;2023_7_18_793757;0;0.0;2023-07-18
84200;93349;2023_7_18_865220;3;48.0;2023-07-18
97462;29187;2023_7_18_323826;1;47.0;2023-07-18
